city,topic,variables,target,trainR2,testR2,spatialres
boston,Crime,gsv,logcrime,0.27914422953174134,0.18849474620785425,cbg
boston,Crime,gsv,logpetty,0.21694698215283587,0.13459821785551299,cbg
boston,Health,gsv,bphighcrud,0.31466493527600936,0.31470088582329414,cbg
boston,Health,gsv,cancercrud,0.4870904205531086,0.42109139727135114,cbg
boston,Health,gsv,diabetescr,0.2500888659297512,0.2400515104225965,cbg
boston,Health,gsv,lpacrudepr,0.3985624161945448,0.37517875408506945,cbg
boston,Health,gsv,mhlthcrude,0.3797674462013249,0.309453520805931,cbg
boston,Health,gsv,obesitycru,0.25927156409821245,0.14194490504350965,cbg
boston,Health,gsv,phlthcrude,0.3060862621573541,0.20359768892076038,cbg
boston,Non-vehicle Travel,gsv,publictrans_per_cbg,0.5250342222701856,0.5070844635711675,cbg
boston,Non-vehicle Travel,gsv,walkbike_per_cbg,0.628526178079267,0.6170232745688936,cbg
boston,Poverty,gsv,logincome,0.3763346355795191,0.35806611455632165,cbg
boston,Poverty,gsv,povertyline_below100,0.20769891761084494,0.16187585924771764,cbg
boston,Poverty,gsv,povertyline_below200,0.37187230195511967,0.3076431353887779,cbg
boston,Vehicle Travel,gsv,drove_alone_per_cbg,0.6731077028109809,0.6580622528252957,cbg
boston,Vehicle Travel,gsv,estpmiles,0.7351130266099373,0.6130893889872834,cbg
boston,Vehicle Travel,gsv,estptrp,0.49809283162038537,0.4329295873954061,cbg
boston,Vehicle Travel,gsv,estvmiles,0.7901700455688057,0.6816601311534576,cbg
boston,Vehicle Travel,gsv,estvtrp,0.7915187169623816,0.7622548739915604,cbg
chicago,Crime,gsv,logcrime,0.4573193622938927,0.43011309313994667,cbg
chicago,Crime,gsv,logpetty,0.36869632453589196,0.3296311469500645,cbg
chicago,Health,gsv,bphighcrud,0.4710312073153088,0.45102347863552056,cbg
chicago,Health,gsv,cancercrud,0.3799815885103825,0.369513224709319,cbg
chicago,Health,gsv,diabetescr,0.5182951509041229,0.5043332973439753,cbg
chicago,Health,gsv,lpacrudepr,0.5084175246389482,0.49149308980432205,cbg
chicago,Health,gsv,mhlthcrude,0.4548848101623376,0.4329903334458258,cbg
chicago,Health,gsv,obesitycru,0.4572240972082131,0.4455907612663605,cbg
chicago,Health,gsv,phlthcrude,0.5064752230155287,0.48663261913827716,cbg
chicago,Non-vehicle Travel,gsv,publictrans_per_cbg,0.5584786379942925,0.5564711678474479,cbg
chicago,Non-vehicle Travel,gsv,walkbike_per_cbg,0.3954160291320104,0.3676842939967246,cbg
chicago,Poverty,gsv,logincome,0.4337452873180564,0.4358180115773228,cbg
chicago,Poverty,gsv,povertyline_below100,0.2005560137957964,0.18009102083957787,cbg
chicago,Poverty,gsv,povertyline_below200,0.3971852664979462,0.3894529725389356,cbg
chicago,Vehicle Travel,gsv,drove_alone_per_cbg,0.630259068944495,0.6200257180570529,cbg
chicago,Vehicle Travel,gsv,estpmiles,0.5995404615912632,0.592332726601801,cbg
chicago,Vehicle Travel,gsv,estptrp,0.46818801097721996,0.4649582151019258,cbg
chicago,Vehicle Travel,gsv,estvmiles,0.6471435723017553,0.6393304044358408,cbg
chicago,Vehicle Travel,gsv,estvtrp,0.6666777925478345,0.6477751095846191,cbg
losangeles,Crime,gsv,logcrime,0.35274482756089476,0.3243092578273215,cbg
losangeles,Crime,gsv,logpetty,0.13390549377037103,0.10744313330002994,cbg
losangeles,Health,gsv,bphighcrud,0.09961680481654582,0.09060074668515108,cbg
losangeles,Health,gsv,cancercrud,0.4067544535580592,0.3702698283601522,cbg
losangeles,Health,gsv,diabetescr,0.39692718531865656,0.3856310157465499,cbg
losangeles,Health,gsv,lpacrudepr,0.5916935218733952,0.5786077690166962,cbg
losangeles,Health,gsv,mhlthcrude,0.5343355584715943,0.5200706934471567,cbg
losangeles,Health,gsv,obesitycru,0.46400638281102113,0.46382827402925314,cbg
losangeles,Health,gsv,phlthcrude,0.5240971225474013,0.5130402664067856,cbg
losangeles,Non-vehicle Travel,gsv,publictrans_per_cbg,0.33322932096268265,0.287973575490014,cbg
losangeles,Non-vehicle Travel,gsv,walkbike_per_cbg,0.15360490818404843,0.156564266047021,cbg
losangeles,Poverty,gsv,logincome,0.45725696642617386,0.4517861215857101,cbg
losangeles,Poverty,gsv,povertyline_below100,0.12605408518027955,0.1169135979119194,cbg
losangeles,Poverty,gsv,povertyline_below200,0.44437030755274093,0.4355563821563074,cbg
losangeles,Vehicle Travel,gsv,drove_alone_per_cbg,0.25137034593520957,0.22199223691744954,cbg
losangeles,Vehicle Travel,gsv,estpmiles,0.45288205553321087,0.4527042269296855,cbg
losangeles,Vehicle Travel,gsv,estptrp,0.438688507299035,0.4366821710004302,cbg
losangeles,Vehicle Travel,gsv,estvmiles,0.4884582196140948,0.46817147817715316,cbg
losangeles,Vehicle Travel,gsv,estvtrp,0.5313960099085289,0.5403904182378128,cbg
miami,Crime,gsv,logcrime,,,cbg
miami,Crime,gsv,logpetty,,,cbg
miami,Health,gsv,bphighcrud,0.20454039419790576,0.17685045340948138,cbg
miami,Health,gsv,cancercrud,0.19911994878935962,0.15664953265923587,cbg
miami,Health,gsv,diabetescr,0.4526624611614161,0.4341875053031078,cbg
miami,Health,gsv,lpacrudepr,0.5686485143965418,0.5527744562301643,cbg
miami,Health,gsv,mhlthcrude,0.3311867588536238,0.3106887959238253,cbg
miami,Health,gsv,obesitycru,0.414752570857141,0.38739581168967063,cbg
miami,Health,gsv,phlthcrude,0.46016998714430557,0.44260630838866843,cbg
miami,Non-vehicle Travel,gsv,publictrans_per_cbg,0.22620063553210903,0.20896569068801557,cbg
miami,Non-vehicle Travel,gsv,walkbike_per_cbg,0.2744032707449893,0.2727232702103426,cbg
miami,Poverty,gsv,logincome,0.4215020394354033,0.39933561144539065,cbg
miami,Poverty,gsv,povertyline_below100,0.10908569223337028,0.08975111079423455,cbg
miami,Poverty,gsv,povertyline_below200,0.3808694620026759,0.35657605603658893,cbg
miami,Vehicle Travel,gsv,drove_alone_per_cbg,0.19210100089303694,0.17257096728907872,cbg
miami,Vehicle Travel,gsv,estpmiles,0.3625404364279706,0.35601951239676843,cbg
miami,Vehicle Travel,gsv,estptrp,0.3036746305759829,0.27384566632746604,cbg
miami,Vehicle Travel,gsv,estvmiles,0.35365172775486997,0.3289693110335182,cbg
miami,Vehicle Travel,gsv,estvtrp,0.3867686522650226,0.3678173104407212,cbg
newyork,Crime,gsv,logcrime,0.23014776869508538,0.222757893645137,cbg
newyork,Crime,gsv,logpetty,0.19979262307906315,0.1963881729660437,cbg
newyork,Health,gsv,bphighcrud,0.34086721440662016,0.22287118580635354,cbg
newyork,Health,gsv,cancercrud,0.4886411390358097,0.47827150124547807,cbg
newyork,Health,gsv,diabetescr,0.45854049325804846,0.3046757696431973,cbg
newyork,Health,gsv,lpacrudepr,0.5456803239239519,0.4994812695731115,cbg
newyork,Health,gsv,mhlthcrude,0.4068672247354499,0.3034042194518301,cbg
newyork,Health,gsv,obesitycru,0.39228937500399585,0.2477502438165385,cbg
newyork,Health,gsv,phlthcrude,0.42631353120707105,0.3151662474720281,cbg
newyork,Non-vehicle Travel,gsv,publictrans_per_cbg,0.7332003681019921,0.7264513287298088,cbg
newyork,Non-vehicle Travel,gsv,walkbike_per_cbg,0.4116739854036047,0.417736271844077,cbg
newyork,Poverty,gsv,logincome,0.43278988468492435,0.430958153269287,cbg
newyork,Poverty,gsv,povertyline_below100,0.17968435353912843,0.16432453318037316,cbg
newyork,Poverty,gsv,povertyline_below200,0.4084248958214167,0.3909004030341613,cbg
newyork,Vehicle Travel,gsv,drove_alone_per_cbg,0.8121011938672444,0.8071319719294069,cbg
newyork,Vehicle Travel,gsv,estpmiles,0.7423173869022213,0.7382676348688257,cbg
newyork,Vehicle Travel,gsv,estptrp,0.4317972058110583,0.426084685765712,cbg
newyork,Vehicle Travel,gsv,estvmiles,0.8121647296601655,0.8048631653884335,cbg
newyork,Vehicle Travel,gsv,estvtrp,0.8543833250515356,0.8531519139563892,cbg
philadelphia,Crime,gsv,logcrime,0.4507559408192015,0.43516914324413525,cbg
philadelphia,Crime,gsv,logpetty,0.36024004606694243,0.2872142870841047,cbg
philadelphia,Health,gsv,bphighcrud,0.33078964035661323,0.31731463664951554,cbg
philadelphia,Health,gsv,cancercrud,0.40800465543337056,0.3891718729581314,cbg
philadelphia,Health,gsv,diabetescr,0.5160830969059533,0.5141252740116786,cbg
philadelphia,Health,gsv,lpacrudepr,0.6815265425546,0.6752719901183226,cbg
philadelphia,Health,gsv,mhlthcrude,0.6702298233455743,0.6642647308875506,cbg
philadelphia,Health,gsv,obesitycru,0.46090083765876405,0.4428802825830017,cbg
philadelphia,Health,gsv,phlthcrude,0.6287165321527425,0.6215143084035636,cbg
philadelphia,Non-vehicle Travel,gsv,publictrans_per_cbg,0.5249471931457718,0.5152912242433818,cbg
philadelphia,Non-vehicle Travel,gsv,walkbike_per_cbg,0.5017384993887106,0.4786813460632954,cbg
philadelphia,Poverty,gsv,logincome,0.5311478166031041,0.5383507097960916,cbg
philadelphia,Poverty,gsv,povertyline_below100,0.29040241316056425,0.2866678073867249,cbg
philadelphia,Poverty,gsv,povertyline_below200,0.5397355643029341,0.5346753495321851,cbg
philadelphia,Vehicle Travel,gsv,drove_alone_per_cbg,0.6038236006088581,0.5861264257004482,cbg
philadelphia,Vehicle Travel,gsv,estpmiles,0.7549023107043195,0.7502702423851095,cbg
philadelphia,Vehicle Travel,gsv,estptrp,0.47323776923896677,0.47681187475168746,cbg
philadelphia,Vehicle Travel,gsv,estvmiles,0.7821672252262895,0.7812287697411827,cbg
philadelphia,Vehicle Travel,gsv,estvtrp,0.766969209318284,0.7722086068892533,cbg
sanfrancisco,Crime,gsv,logcrime,0.5347714646926939,0.48261281398219535,cbg
sanfrancisco,Crime,gsv,logpetty,0.5285875587283608,0.504163866308551,cbg
sanfrancisco,Health,gsv,bphighcrud,0.2662926440795855,0.24260698459257543,cbg
sanfrancisco,Health,gsv,cancercrud,0.47388671486663536,0.45961991683277237,cbg
sanfrancisco,Health,gsv,diabetescr,0.410361533701981,0.36924045004536205,cbg
sanfrancisco,Health,gsv,lpacrudepr,0.5316576474895266,0.48558848219146455,cbg
sanfrancisco,Health,gsv,mhlthcrude,0.435343344965767,0.38688875933783995,cbg
sanfrancisco,Health,gsv,obesitycru,0.5547298009820083,0.5125105517008445,cbg
sanfrancisco,Health,gsv,phlthcrude,0.4618991051430691,0.41457819085590836,cbg
sanfrancisco,Non-vehicle Travel,gsv,publictrans_per_cbg,0.576699442320441,0.5654358660477821,cbg
sanfrancisco,Non-vehicle Travel,gsv,walkbike_per_cbg,0.6113054037061323,0.56050884244237,cbg
sanfrancisco,Poverty,gsv,logincome,0.36334084711135683,0.3653872284906421,cbg
sanfrancisco,Poverty,gsv,povertyline_below100,0.1366248127532383,0.12263991126800056,cbg
sanfrancisco,Poverty,gsv,povertyline_below200,0.3354948968100674,0.3058625745263424,cbg
sanfrancisco,Vehicle Travel,gsv,drove_alone_per_cbg,0.6949159928285062,0.6836606360399011,cbg
sanfrancisco,Vehicle Travel,gsv,estpmiles,0.5862825312618629,0.5517088719634339,cbg
sanfrancisco,Vehicle Travel,gsv,estptrp,0.5298723512483423,0.5365024809330254,cbg
sanfrancisco,Vehicle Travel,gsv,estvmiles,0.6260141460700109,0.6069937998956492,cbg
sanfrancisco,Vehicle Travel,gsv,estvtrp,0.6713509637560083,0.6505460944204339,cbg
boston,Crime,poi,logcrime,0.2530099544137472,0.16681893712535822,cbg
boston,Crime,poi,logpetty,0.31535627505926217,0.22536048962324542,cbg
boston,Health,poi,bphighcrud,0.29421270120889204,0.2982271317436115,cbg
boston,Health,poi,cancercrud,0.4600517306363539,0.4352423943641955,cbg
boston,Health,poi,diabetescr,0.21126351880593522,0.21549801136659866,cbg
boston,Health,poi,lpacrudepr,0.28383009097740963,0.27688386960650546,cbg
boston,Health,poi,mhlthcrude,0.3527627494696257,0.33189181151906766,cbg
boston,Health,poi,obesitycru,0.3214073834405231,0.33209870533097874,cbg
boston,Health,poi,phlthcrude,0.2741334117416928,0.27627641520314716,cbg
boston,Non-vehicle Travel,poi,publictrans_per_cbg,0.45645670290329166,0.43234525618259,cbg
boston,Non-vehicle Travel,poi,walkbike_per_cbg,0.4209883317451336,0.41608197017500126,cbg
boston,Poverty,poi,logincome,0.24052897496476505,0.23996466235142835,cbg
boston,Poverty,poi,povertyline_below100,0.16772052802396575,0.11610739822624314,cbg
boston,Poverty,poi,povertyline_below200,0.2463470271469666,0.23235193303782217,cbg
boston,Vehicle Travel,poi,drove_alone_per_cbg,0.5487430413061817,0.530133045304426,cbg
boston,Vehicle Travel,poi,estpmiles,0.530833632816897,0.516515367332586,cbg
boston,Vehicle Travel,poi,estptrp,0.38542156615803946,0.3657419487433345,cbg
boston,Vehicle Travel,poi,estvmiles,0.5782857157465375,0.5534998471884134,cbg
boston,Vehicle Travel,poi,estvtrp,0.5899572331503615,0.5805278474832815,cbg
chicago,Crime,poi,logcrime,0.3897728322558822,0.35759937440112044,cbg
chicago,Crime,poi,logpetty,0.4564954015278633,0.41881574546175965,cbg
chicago,Health,poi,bphighcrud,0.33928917724753827,0.33229235610890717,cbg
chicago,Health,poi,cancercrud,0.3161920168654485,0.29077292432622037,cbg
chicago,Health,poi,diabetescr,0.44314441310778696,0.4445856017528936,cbg
chicago,Health,poi,lpacrudepr,0.49814631092236467,0.49618547840553207,cbg
chicago,Health,poi,mhlthcrude,0.4556192523201014,0.44304548914588054,cbg
chicago,Health,poi,obesitycru,0.38364017252637755,0.3742052838435971,cbg
chicago,Health,poi,phlthcrude,0.46735588797833555,0.45954631645119515,cbg
chicago,Non-vehicle Travel,poi,publictrans_per_cbg,0.4250192175085766,0.412114265407037,cbg
chicago,Non-vehicle Travel,poi,walkbike_per_cbg,0.2825273733865433,0.23949931339796615,cbg
chicago,Poverty,poi,logincome,0.3867433335938568,0.38027114606353385,cbg
chicago,Poverty,poi,povertyline_below100,0.16290645435727452,0.1398081385454302,cbg
chicago,Poverty,poi,povertyline_below200,0.3744007391840922,0.37255870485319964,cbg
chicago,Vehicle Travel,poi,drove_alone_per_cbg,0.4436182952302718,0.4217747599306631,cbg
chicago,Vehicle Travel,poi,estpmiles,0.4825010806414796,0.46207415745226027,cbg
chicago,Vehicle Travel,poi,estptrp,0.3007543924105793,0.29777996153025177,cbg
chicago,Vehicle Travel,poi,estvmiles,0.536653920596293,0.5182631976358447,cbg
chicago,Vehicle Travel,poi,estvtrp,0.48739550449687774,0.4833244821249818,cbg
losangeles,Crime,poi,logcrime,0.3372747106534172,0.30596043525419914,cbg
losangeles,Crime,poi,logpetty,0.32197681248981597,0.3049110699079246,cbg
losangeles,Health,poi,bphighcrud,0.08775812653133794,0.07703811994223013,cbg
losangeles,Health,poi,cancercrud,0.37419149149883435,0.3597694424612919,cbg
losangeles,Health,poi,diabetescr,0.3842417620602495,0.37384788261144786,cbg
losangeles,Health,poi,lpacrudepr,0.5238877431121185,0.5185712886182481,cbg
losangeles,Health,poi,mhlthcrude,0.3809063100325369,0.3721262651837561,cbg
losangeles,Health,poi,obesitycru,0.4253967975531466,0.4169885193645678,cbg
losangeles,Health,poi,phlthcrude,0.4316553982846683,0.42187214991871214,cbg
losangeles,Non-vehicle Travel,poi,publictrans_per_cbg,0.24455174528675197,0.2350987649930409,cbg
losangeles,Non-vehicle Travel,poi,walkbike_per_cbg,0.13836215632727522,0.13556169014446678,cbg
losangeles,Poverty,poi,logincome,0.3602623779257276,0.35282273039713774,cbg
losangeles,Poverty,poi,povertyline_below100,0.08141604733183119,0.06676606690115425,cbg
losangeles,Poverty,poi,povertyline_below200,0.34110104684223497,0.34055138545633723,cbg
losangeles,Vehicle Travel,poi,drove_alone_per_cbg,0.17498887749768816,-1.5694032899275423,cbg
losangeles,Vehicle Travel,poi,estpmiles,0.2595180031400516,0.2505248332029285,cbg
losangeles,Vehicle Travel,poi,estptrp,0.2546149669843927,0.24656796685988489,cbg
losangeles,Vehicle Travel,poi,estvmiles,0.29213653973017933,0.2847722055370438,cbg
losangeles,Vehicle Travel,poi,estvtrp,0.286400714504974,0.2841346944421038,cbg
miami,Crime,poi,logcrime,,,cbg
miami,Crime,poi,logpetty,,,cbg
miami,Health,poi,bphighcrud,0.15195784621758396,0.1397664314934884,cbg
miami,Health,poi,cancercrud,0.24591703990887984,0.23119975665953602,cbg
miami,Health,poi,diabetescr,0.32371687659140697,0.30548476684565606,cbg
miami,Health,poi,lpacrudepr,0.45442938202515054,0.4279062769107969,cbg
miami,Health,poi,mhlthcrude,0.2969847075865018,0.25697743229437703,cbg
miami,Health,poi,obesitycru,0.3874354040291133,0.3484218841849052,cbg
miami,Health,poi,phlthcrude,0.3267560750096958,0.304248097396345,cbg
miami,Non-vehicle Travel,poi,publictrans_per_cbg,0.1234748621673909,0.09857961392516304,cbg
miami,Non-vehicle Travel,poi,walkbike_per_cbg,0.1540609434437649,0.12554457603260008,cbg
miami,Poverty,poi,logincome,0.2501953399136278,0.21661356964345405,cbg
miami,Poverty,poi,povertyline_below100,0.08980465454219487,0.06722187258983289,cbg
miami,Poverty,poi,povertyline_below200,0.2689600402111384,0.2528452363959436,cbg
miami,Vehicle Travel,poi,drove_alone_per_cbg,0.10768857379620138,0.08100522189543949,cbg
miami,Vehicle Travel,poi,estpmiles,0.2588655271075634,0.24379971637643702,cbg
miami,Vehicle Travel,poi,estptrp,0.26235315582738505,0.22352541306567802,cbg
miami,Vehicle Travel,poi,estvmiles,0.24673132805683445,0.21221467010050885,cbg
miami,Vehicle Travel,poi,estvtrp,0.26800943189204285,0.23081953360160856,cbg
newyork,Crime,poi,logcrime,0.2134266511910996,0.20453914974553059,cbg
newyork,Crime,poi,logpetty,0.29125984035973274,0.27687672113016226,cbg
newyork,Health,poi,bphighcrud,0.26672272174855244,0.25837561111445995,cbg
newyork,Health,poi,cancercrud,0.42792956802885096,0.41344484179489516,cbg
newyork,Health,poi,diabetescr,0.3061903976953402,0.2996680268210137,cbg
newyork,Health,poi,lpacrudepr,0.3510417687437496,0.3418597228286015,cbg
newyork,Health,poi,mhlthcrude,0.3055437110587469,0.29204569456428653,cbg
newyork,Health,poi,obesitycru,0.30954240825317514,0.2963763609060329,cbg
newyork,Health,poi,phlthcrude,0.2773791983752509,0.266140096131648,cbg
newyork,Non-vehicle Travel,poi,publictrans_per_cbg,0.5670215865987516,0.561872250850596,cbg
newyork,Non-vehicle Travel,poi,walkbike_per_cbg,0.24862871894259841,0.24489780029972832,cbg
newyork,Poverty,poi,logincome,0.28102018349212365,0.2803746390962415,cbg
newyork,Poverty,poi,povertyline_below100,0.12494771996501111,0.11962432952539233,cbg
newyork,Poverty,poi,povertyline_below200,0.2907422966673372,0.28374021210944556,cbg
newyork,Vehicle Travel,poi,drove_alone_per_cbg,0.5929107050316688,0.5842361503564539,cbg
newyork,Vehicle Travel,poi,estpmiles,0.5454996503159204,0.5407199281633238,cbg
newyork,Vehicle Travel,poi,estptrp,0.2591044240712596,0.25726337107110847,cbg
newyork,Vehicle Travel,poi,estvmiles,0.6184907562942388,0.6009960607588101,cbg
newyork,Vehicle Travel,poi,estvtrp,0.6228641932080448,0.6214986223759467,cbg
philadelphia,Crime,poi,logcrime,0.2845973233446257,0.19953627805265747,cbg
philadelphia,Crime,poi,logpetty,0.5432218965442343,0.4600594962639531,cbg
philadelphia,Health,poi,bphighcrud,0.31864103196580007,0.28434050755075124,cbg
philadelphia,Health,poi,cancercrud,0.33788695166962884,0.2943392292053443,cbg
philadelphia,Health,poi,diabetescr,0.4014364291316862,0.37667507572425674,cbg
philadelphia,Health,poi,lpacrudepr,0.4849217428649119,0.4664754236501746,cbg
philadelphia,Health,poi,mhlthcrude,0.46498137059105993,0.4548424793557195,cbg
philadelphia,Health,poi,obesitycru,0.3368279943027511,0.31238514549030044,cbg
philadelphia,Health,poi,phlthcrude,0.44565899282290156,0.42894637329484897,cbg
philadelphia,Non-vehicle Travel,poi,publictrans_per_cbg,0.3880496193746385,0.38693421006967266,cbg
philadelphia,Non-vehicle Travel,poi,walkbike_per_cbg,0.2921051115874927,0.25755419649420447,cbg
philadelphia,Poverty,poi,logincome,0.3687414358091601,0.3637277965192576,cbg
philadelphia,Poverty,poi,povertyline_below100,0.1776421044473758,0.18324563388235218,cbg
philadelphia,Poverty,poi,povertyline_below200,0.3554940689088903,0.3434182720936302,cbg
philadelphia,Vehicle Travel,poi,drove_alone_per_cbg,0.4172638696865968,0.3990919376186671,cbg
philadelphia,Vehicle Travel,poi,estpmiles,0.5603287778893611,0.5484396005740916,cbg
philadelphia,Vehicle Travel,poi,estptrp,0.2848710935166046,0.2592958780291609,cbg
philadelphia,Vehicle Travel,poi,estvmiles,0.593169478076583,0.5792441385917222,cbg
philadelphia,Vehicle Travel,poi,estvtrp,0.5665264489226527,0.5632029583951126,cbg
sanfrancisco,Crime,poi,logcrime,0.49182571994487834,0.4632025305380198,cbg
sanfrancisco,Crime,poi,logpetty,0.5600479560349514,0.5372760704847234,cbg
sanfrancisco,Health,poi,bphighcrud,0.1820135984257981,0.14574709590912674,cbg
sanfrancisco,Health,poi,cancercrud,0.3457234345817936,0.3172581148781225,cbg
sanfrancisco,Health,poi,diabetescr,0.2709827693138575,0.23784723921759915,cbg
sanfrancisco,Health,poi,lpacrudepr,0.3633195853605135,0.3422757472815505,cbg
sanfrancisco,Health,poi,mhlthcrude,0.28090830792445776,0.24450033189828294,cbg
sanfrancisco,Health,poi,obesitycru,0.28899249367246294,0.2646556935450253,cbg
sanfrancisco,Health,poi,phlthcrude,0.2960794973700237,0.26678638495858487,cbg
sanfrancisco,Non-vehicle Travel,poi,publictrans_per_cbg,0.4181745830063428,0.4050083621672599,cbg
sanfrancisco,Non-vehicle Travel,poi,walkbike_per_cbg,0.4121046389838579,0.3624100110862908,cbg
sanfrancisco,Poverty,poi,logincome,0.2586253451250572,0.2027677802403059,cbg
sanfrancisco,Poverty,poi,povertyline_below100,0.12197898484433234,0.08000333897380897,cbg
sanfrancisco,Poverty,poi,povertyline_below200,0.2200350293420997,0.18781598151562218,cbg
sanfrancisco,Vehicle Travel,poi,drove_alone_per_cbg,0.4654550634240964,0.4410005258003088,cbg
sanfrancisco,Vehicle Travel,poi,estpmiles,0.3638605630719901,0.31704067617273135,cbg
sanfrancisco,Vehicle Travel,poi,estptrp,0.35739577574075654,0.34741137880547035,cbg
sanfrancisco,Vehicle Travel,poi,estvmiles,0.38850778159495997,0.3507125014166541,cbg
sanfrancisco,Vehicle Travel,poi,estvtrp,0.4084034967011602,0.37659384737952967,cbg
boston,Crime,poi+gsv,logcrime,0.37818331060577515,0.22159785218370512,cbg
boston,Crime,poi+gsv,logpetty,0.3688927931557498,0.26113063127819186,cbg
boston,Health,poi+gsv,bphighcrud,0.40038970839106636,0.3635174221211252,cbg
boston,Health,poi+gsv,cancercrud,0.5785612701044357,0.530269956460379,cbg
boston,Health,poi+gsv,diabetescr,0.36875738952219766,0.3438985578448189,cbg
boston,Health,poi+gsv,lpacrudepr,0.5027174911289866,0.47317567735933086,cbg
boston,Health,poi+gsv,mhlthcrude,0.5248520138527827,0.49264421951578735,cbg
boston,Health,poi+gsv,obesitycru,0.4444496814729165,0.42853166306080936,cbg
boston,Health,poi+gsv,phlthcrude,0.4574178993314094,0.4382004543350983,cbg
boston,Non-vehicle Travel,poi+gsv,publictrans_per_cbg,0.5646421889101676,0.5280459000023885,cbg
boston,Non-vehicle Travel,poi+gsv,walkbike_per_cbg,0.6558205848931797,0.6427582142634624,cbg
boston,Poverty,poi+gsv,logincome,0.42150516284563305,0.37282204953796455,cbg
boston,Poverty,poi+gsv,povertyline_below100,0.2498273103592581,0.18056007342776956,cbg
boston,Poverty,poi+gsv,povertyline_below200,0.42910047928079853,0.3981884027495665,cbg
boston,Vehicle Travel,poi+gsv,drove_alone_per_cbg,0.7055133583694629,0.6918765150265436,cbg
boston,Vehicle Travel,poi+gsv,estpmiles,0.7418566653874655,0.6430564083696887,cbg
boston,Vehicle Travel,poi+gsv,estptrp,0.5209994129532236,0.4864445722075982,cbg
boston,Vehicle Travel,poi+gsv,estvmiles,0.8057677376033532,0.7172838599465409,cbg
boston,Vehicle Travel,poi+gsv,estvtrp,0.8110963028064923,0.7825685360265855,cbg
chicago,Crime,poi+gsv,logcrime,0.5688747762610197,0.5276572626241751,cbg
chicago,Crime,poi+gsv,logpetty,0.5558727624790879,0.5107281924510085,cbg
chicago,Health,poi+gsv,bphighcrud,0.5777022991285461,0.5572440542140363,cbg
chicago,Health,poi+gsv,cancercrud,0.45273663242760154,0.43165000158120614,cbg
chicago,Health,poi+gsv,diabetescr,0.6452980743070449,0.6351659552666374,cbg
chicago,Health,poi+gsv,lpacrudepr,0.6531605072407409,0.6409849186638985,cbg
chicago,Health,poi+gsv,mhlthcrude,0.5975348840662846,0.5736660047336055,cbg
chicago,Health,poi+gsv,obesitycru,0.5805914035754806,0.5643551372871782,cbg
chicago,Health,poi+gsv,phlthcrude,0.6415880855650478,0.6240939253999331,cbg
chicago,Non-vehicle Travel,poi+gsv,publictrans_per_cbg,0.5886261201796972,0.5784700496034714,cbg
chicago,Non-vehicle Travel,poi+gsv,walkbike_per_cbg,0.4311845208717888,0.3927843753217607,cbg
chicago,Poverty,poi+gsv,logincome,0.5438700390189394,0.536339950214451,cbg
chicago,Poverty,poi+gsv,povertyline_below100,0.24441024279697815,0.21496737710168498,cbg
chicago,Poverty,poi+gsv,povertyline_below200,0.49519212158242193,0.48314251422177534,cbg
chicago,Vehicle Travel,poi+gsv,drove_alone_per_cbg,0.6463440386385422,0.6298668854341649,cbg
chicago,Vehicle Travel,poi+gsv,estpmiles,0.6546351262726493,0.6383893258377625,cbg
chicago,Vehicle Travel,poi+gsv,estptrp,0.5048796951418122,0.4954125874362812,cbg
chicago,Vehicle Travel,poi+gsv,estvmiles,0.7086848657726637,0.695107050824286,cbg
chicago,Vehicle Travel,poi+gsv,estvtrp,0.7141402558355779,0.6974620533190994,cbg
losangeles,Crime,poi+gsv,logcrime,0.4525653821946193,0.4072823126278961,cbg
losangeles,Crime,poi+gsv,logpetty,0.3342664530013149,0.3053793388471643,cbg
losangeles,Health,poi+gsv,bphighcrud,0.15734885974955531,0.14166365983922002,cbg
losangeles,Health,poi+gsv,cancercrud,0.49080396104853896,0.4532938245685978,cbg
losangeles,Health,poi+gsv,diabetescr,0.49640351615657663,0.48456072503164205,cbg
losangeles,Health,poi+gsv,lpacrudepr,0.6909693557319911,0.6792337088264512,cbg
losangeles,Health,poi+gsv,mhlthcrude,0.5810675968755145,0.5639274130909022,cbg
losangeles,Health,poi+gsv,obesitycru,0.5598404795479062,0.5536390006865586,cbg
losangeles,Health,poi+gsv,phlthcrude,0.5977484924782668,0.5845472922670034,cbg
losangeles,Non-vehicle Travel,poi+gsv,publictrans_per_cbg,0.379917501746149,0.3107657430960862,cbg
losangeles,Non-vehicle Travel,poi+gsv,walkbike_per_cbg,0.19184358048233108,0.18873833549798294,cbg
losangeles,Poverty,poi+gsv,logincome,0.5090936526837575,0.4964407427947748,cbg
losangeles,Poverty,poi+gsv,povertyline_below100,0.1391986408984365,0.12287787463472251,cbg
losangeles,Poverty,poi+gsv,povertyline_below200,0.4952428213650313,0.48358343679913246,cbg
losangeles,Vehicle Travel,poi+gsv,drove_alone_per_cbg,0.2767139718272149,-0.40528810565506246,cbg
losangeles,Vehicle Travel,poi+gsv,estpmiles,0.47937247017923623,0.4748324036772245,cbg
losangeles,Vehicle Travel,poi+gsv,estptrp,0.4811936050172635,0.4747854533176442,cbg
losangeles,Vehicle Travel,poi+gsv,estvmiles,0.5196006084253411,0.4966769175690323,cbg
losangeles,Vehicle Travel,poi+gsv,estvtrp,0.5557008738505854,0.559387918098775,cbg
miami,Crime,poi+gsv,logcrime,,,cbg
miami,Crime,poi+gsv,logpetty,,,cbg
miami,Health,poi+gsv,bphighcrud,0.27261504820825533,0.24325560187729595,cbg
miami,Health,poi+gsv,cancercrud,0.34356199454320535,0.2926793002921602,cbg
miami,Health,poi+gsv,diabetescr,0.5183827255253339,0.4975266814430567,cbg
miami,Health,poi+gsv,lpacrudepr,0.6698015951738583,0.6392015926756975,cbg
miami,Health,poi+gsv,mhlthcrude,0.43484199319808753,0.3891598415221288,cbg
miami,Health,poi+gsv,obesitycru,0.5377338828505734,0.48958807244066804,cbg
miami,Health,poi+gsv,phlthcrude,0.5210345292981365,0.4933701471380518,cbg
miami,Non-vehicle Travel,poi+gsv,publictrans_per_cbg,0.22865753751970921,0.2068924056378875,cbg
miami,Non-vehicle Travel,poi+gsv,walkbike_per_cbg,0.29974031929985434,0.278395030876382,cbg
miami,Poverty,poi+gsv,logincome,0.4580932993487138,0.4239102121702752,cbg
miami,Poverty,poi+gsv,povertyline_below100,0.12966686116536297,0.09860117954089778,cbg
miami,Poverty,poi+gsv,povertyline_below200,0.42562633290541607,0.3994819906444704,cbg
miami,Vehicle Travel,poi+gsv,drove_alone_per_cbg,0.20658961920178961,0.1743964429043896,cbg
miami,Vehicle Travel,poi+gsv,estpmiles,0.4263873902256516,0.4108260754489749,cbg
miami,Vehicle Travel,poi+gsv,estptrp,0.3913968486344021,0.3400252388545996,cbg
miami,Vehicle Travel,poi+gsv,estvmiles,0.4150685613008612,0.3656436962951573,cbg
miami,Vehicle Travel,poi+gsv,estvtrp,0.435772840532305,0.40068014282011627,cbg
newyork,Crime,poi+gsv,logcrime,0.31809501147480235,0.2942816496139995,cbg
newyork,Crime,poi+gsv,logpetty,0.31432595194014806,0.2912301618264827,cbg
newyork,Health,poi+gsv,bphighcrud,0.4115017156665557,0.32078799020920545,cbg
newyork,Health,poi+gsv,cancercrud,0.5601863756384835,0.5436820777741148,cbg
newyork,Health,poi+gsv,diabetescr,0.52253144235506,0.40157687106082973,cbg
newyork,Health,poi+gsv,lpacrudepr,0.602011929224258,0.5509582118584735,cbg
newyork,Health,poi+gsv,mhlthcrude,0.47814847210691747,0.3787364937543633,cbg
newyork,Health,poi+gsv,obesitycru,0.4918407870019633,0.3851984501025192,cbg
newyork,Health,poi+gsv,phlthcrude,0.48407545789942397,0.3725844351377881,cbg
newyork,Non-vehicle Travel,poi+gsv,publictrans_per_cbg,0.7562299233138436,0.7513818513539965,cbg
newyork,Non-vehicle Travel,poi+gsv,walkbike_per_cbg,0.4339954136468779,0.43469420134007286,cbg
newyork,Poverty,poi+gsv,logincome,0.47427057187108906,0.46675501787026175,cbg
newyork,Poverty,poi+gsv,povertyline_below100,0.20145054057510037,0.1830931919864518,cbg
newyork,Poverty,poi+gsv,povertyline_below200,0.44827051816317687,0.42462137188556515,cbg
newyork,Vehicle Travel,poi+gsv,drove_alone_per_cbg,0.8189144850061405,0.8146330757054022,cbg
newyork,Vehicle Travel,poi+gsv,estpmiles,0.7605777726581489,0.7540885034707727,cbg
newyork,Vehicle Travel,poi+gsv,estptrp,0.44598289339236086,0.43467433721208026,cbg
newyork,Vehicle Travel,poi+gsv,estvmiles,0.8259904107507137,0.8166953104569841,cbg
newyork,Vehicle Travel,poi+gsv,estvtrp,0.8628963030533449,0.8607230623747941,cbg
philadelphia,Crime,poi+gsv,logcrime,0.5348147590244765,0.4828338511987571,cbg
philadelphia,Crime,poi+gsv,logpetty,0.5840005024334062,0.5027444676464504,cbg
philadelphia,Health,poi+gsv,bphighcrud,0.4469032001952426,0.41924928446773685,cbg
philadelphia,Health,poi+gsv,cancercrud,0.45939751391554423,0.39660802574910925,cbg
philadelphia,Health,poi+gsv,diabetescr,0.6063406755588664,0.5945828452252309,cbg
philadelphia,Health,poi+gsv,lpacrudepr,0.7427618363375247,0.7306773713115761,cbg
philadelphia,Health,poi+gsv,mhlthcrude,0.7080415097225167,0.6976790816469322,cbg
philadelphia,Health,poi+gsv,obesitycru,0.5558669367704635,0.5236041882878982,cbg
philadelphia,Health,poi+gsv,phlthcrude,0.6948674125694456,0.6837261321901714,cbg
philadelphia,Non-vehicle Travel,poi+gsv,publictrans_per_cbg,0.5494301048967435,0.5365631067462162,cbg
philadelphia,Non-vehicle Travel,poi+gsv,walkbike_per_cbg,0.5304633831701436,0.4981263391945592,cbg
philadelphia,Poverty,poi+gsv,logincome,0.5744108686457545,0.5699748928040332,cbg
philadelphia,Poverty,poi+gsv,povertyline_below100,0.30231297585394207,0.2958404591466119,cbg
philadelphia,Poverty,poi+gsv,povertyline_below200,0.5698385282726923,0.5594664291364781,cbg
philadelphia,Vehicle Travel,poi+gsv,drove_alone_per_cbg,0.6194059356837582,0.5955140418194202,cbg
philadelphia,Vehicle Travel,poi+gsv,estpmiles,0.777707499125536,0.7700960343832265,cbg
philadelphia,Vehicle Travel,poi+gsv,estptrp,0.4859811175846091,0.47469589374483084,cbg
philadelphia,Vehicle Travel,poi+gsv,estvmiles,0.8051963220034875,0.8015946829886749,cbg
philadelphia,Vehicle Travel,poi+gsv,estvtrp,0.7944540227609865,0.7971090801743077,cbg
sanfrancisco,Crime,poi+gsv,logcrime,0.5853243652332444,0.5349057799155975,cbg
sanfrancisco,Crime,poi+gsv,logpetty,0.6461347949355044,0.6066219553161638,cbg
sanfrancisco,Health,poi+gsv,bphighcrud,0.353340405534447,0.3014501072978322,cbg
sanfrancisco,Health,poi+gsv,cancercrud,0.5354304143827283,0.5091091786613151,cbg
sanfrancisco,Health,poi+gsv,diabetescr,0.5001944281146125,0.4464103419187625,cbg
sanfrancisco,Health,poi+gsv,lpacrudepr,0.6237885061325327,0.5733672837068304,cbg
sanfrancisco,Health,poi+gsv,mhlthcrude,0.5442730256271167,0.4901524251784929,cbg
sanfrancisco,Health,poi+gsv,obesitycru,0.6440245265387659,0.6038917898155504,cbg
sanfrancisco,Health,poi+gsv,phlthcrude,0.5552342358035958,0.5028248006158378,cbg
sanfrancisco,Non-vehicle Travel,poi+gsv,publictrans_per_cbg,0.6104559304378545,0.593270973462017,cbg
sanfrancisco,Non-vehicle Travel,poi+gsv,walkbike_per_cbg,0.6321223855764704,0.5658322724123231,cbg
sanfrancisco,Poverty,poi+gsv,logincome,0.4299175464539003,0.3965364130741178,cbg
sanfrancisco,Poverty,poi+gsv,povertyline_below100,0.1957852447200823,0.14690672803798527,cbg
sanfrancisco,Poverty,poi+gsv,povertyline_below200,0.39980572456880176,0.35209417244771907,cbg
sanfrancisco,Vehicle Travel,poi+gsv,drove_alone_per_cbg,0.7143581314214467,0.6940836228367504,cbg
sanfrancisco,Vehicle Travel,poi+gsv,estpmiles,0.6044586761393524,0.5500758478595846,cbg
sanfrancisco,Vehicle Travel,poi+gsv,estptrp,0.5583974335875592,0.5472161701357965,cbg
sanfrancisco,Vehicle Travel,poi+gsv,estvmiles,0.6473886216274736,0.60675837950863,cbg
sanfrancisco,Vehicle Travel,poi+gsv,estvtrp,0.6846585510717302,0.6548403122710253,cbg
boston,Crime,pop,logcrime,0.26690742008043955,0.240530644366374,cbg
boston,Crime,pop,logpetty,0.20987788380913433,0.18748174959813416,cbg
boston,Health,pop,bphighcrud,0.09506018794621027,0.09318063572200626,cbg
boston,Health,pop,cancercrud,0.39804921240494207,0.4030329119551114,cbg
boston,Health,pop,diabetescr,0.022405553293931835,0.007216489578266494,cbg
boston,Health,pop,lpacrudepr,0.11187287625394111,0.09621117012880426,cbg
boston,Health,pop,mhlthcrude,0.21928166293863152,0.21662903569795083,cbg
boston,Health,pop,obesitycru,0.009914378387612399,9.353680204304827e-06,cbg
boston,Health,pop,phlthcrude,0.05126781243259929,0.034832251752955845,cbg
boston,Non-vehicle Travel,pop,publictrans_per_cbg,0.35919978533124197,0.3489232490190046,cbg
boston,Non-vehicle Travel,pop,walkbike_per_cbg,0.25813027065171623,0.2537681596336982,cbg
boston,Poverty,pop,logincome,0.24356035847090435,0.2346392035927763,cbg
boston,Poverty,pop,povertyline_below100,0.17481610088401892,0.1446555535497866,cbg
boston,Poverty,pop,povertyline_below200,0.2983796429463669,0.29205421181441615,cbg
boston,Vehicle Travel,pop,drove_alone_per_cbg,0.4603393327546653,0.444848205173321,cbg
boston,Vehicle Travel,pop,estpmiles,0.7066732012996668,0.7058945139907009,cbg
boston,Vehicle Travel,pop,estptrp,0.349143904477447,0.3407356255698038,cbg
boston,Vehicle Travel,pop,estvmiles,0.7704605716082735,0.7702255295652878,cbg
boston,Vehicle Travel,pop,estvtrp,0.7032624590149144,0.7031216680295063,cbg
chicago,Crime,pop,logcrime,0.1512604181413582,0.1388286989836846,cbg
chicago,Crime,pop,logpetty,0.33863508788847707,0.32384524785270197,cbg
chicago,Health,pop,bphighcrud,0.10738074578340093,0.10751982002814635,cbg
chicago,Health,pop,cancercrud,0.18559280540712653,0.17806511940062716,cbg
chicago,Health,pop,diabetescr,0.0882998802655665,0.09284037472389674,cbg
chicago,Health,pop,lpacrudepr,0.0634928233640489,0.06580706499107919,cbg
chicago,Health,pop,mhlthcrude,0.08603771478477899,0.08731039240667418,cbg
chicago,Health,pop,obesitycru,0.05340622772240862,0.051189214708336615,cbg
chicago,Health,pop,phlthcrude,0.07791428089359512,0.07897759966950817,cbg
chicago,Non-vehicle Travel,pop,publictrans_per_cbg,0.326294806983747,0.3227564587040586,cbg
chicago,Non-vehicle Travel,pop,walkbike_per_cbg,0.1854098495600492,0.15957679570345829,cbg
chicago,Poverty,pop,logincome,0.11164657442167339,0.1144895860323093,cbg
chicago,Poverty,pop,povertyline_below100,0.053176055560990906,0.055172097958663624,cbg
chicago,Poverty,pop,povertyline_below200,0.11727280650477075,0.12525158766341565,cbg
chicago,Vehicle Travel,pop,drove_alone_per_cbg,0.36064501613981664,0.3453723814555116,cbg
chicago,Vehicle Travel,pop,estpmiles,0.47636438305456863,0.47104681051827085,cbg
chicago,Vehicle Travel,pop,estptrp,0.27240739419991367,0.2811402156184052,cbg
chicago,Vehicle Travel,pop,estvmiles,0.5088016304453904,0.5057586691270786,cbg
chicago,Vehicle Travel,pop,estvtrp,0.43303324088211215,0.4183547352355653,cbg
losangeles,Crime,pop,logcrime,0.24966612808328303,0.24745710355386316,cbg
losangeles,Crime,pop,logpetty,0.38679124944965887,0.38930216540968426,cbg
losangeles,Health,pop,bphighcrud,0.025200986901340407,0.022745311470643625,cbg
losangeles,Health,pop,cancercrud,0.22709411988766154,0.21167646452926267,cbg
losangeles,Health,pop,diabetescr,0.04480621471958555,0.040434400847264115,cbg
losangeles,Health,pop,lpacrudepr,0.1649902440752673,0.15697502403197483,cbg
losangeles,Health,pop,mhlthcrude,0.2255014530887046,0.21658639587935208,cbg
losangeles,Health,pop,obesitycru,0.11249297718324373,0.10890225943520178,cbg
losangeles,Health,pop,phlthcrude,0.12708860052220056,0.11835134077132121,cbg
losangeles,Non-vehicle Travel,pop,publictrans_per_cbg,0.1633975229417957,0.1703049288891944,cbg
losangeles,Non-vehicle Travel,pop,walkbike_per_cbg,0.08072157667364879,0.07791013353029022,cbg
losangeles,Poverty,pop,logincome,0.2908439744083887,0.29847751793613636,cbg
losangeles,Poverty,pop,povertyline_below100,0.07597730325987709,0.06905346737145505,cbg
losangeles,Poverty,pop,povertyline_below200,0.24355366297259726,0.23552394775196683,cbg
losangeles,Vehicle Travel,pop,drove_alone_per_cbg,0.09349843908785438,0.09579467355029454,cbg
losangeles,Vehicle Travel,pop,estpmiles,0.31571891237995775,0.3232391459256131,cbg
losangeles,Vehicle Travel,pop,estptrp,0.09522346102032295,0.09454306322552888,cbg
losangeles,Vehicle Travel,pop,estvmiles,0.3844219825603511,0.38774745246655173,cbg
losangeles,Vehicle Travel,pop,estvtrp,0.3058502993713745,0.31604165691584585,cbg
miami,Crime,pop,logcrime,,,cbg
miami,Crime,pop,logpetty,,,cbg
miami,Health,pop,bphighcrud,0.09307830597630204,0.09889871696199547,cbg
miami,Health,pop,cancercrud,0.11937736588438261,0.12508271912545457,cbg
miami,Health,pop,diabetescr,0.08717166043477233,0.08424550432947364,cbg
miami,Health,pop,lpacrudepr,0.12403142567679382,0.11979436274660053,cbg
miami,Health,pop,mhlthcrude,0.03185774387262896,0.032174829385936764,cbg
miami,Health,pop,obesitycru,0.07221458243624049,0.07165592896389049,cbg
miami,Health,pop,phlthcrude,0.0655782975826539,0.06528524140159395,cbg
miami,Non-vehicle Travel,pop,publictrans_per_cbg,0.07194348142902185,0.07342753752274186,cbg
miami,Non-vehicle Travel,pop,walkbike_per_cbg,0.08887675408211897,0.0920675640697509,cbg
miami,Poverty,pop,logincome,0.13345491088952666,0.12200815514937258,cbg
miami,Poverty,pop,povertyline_below100,0.014873873886039935,0.013606710368242481,cbg
miami,Poverty,pop,povertyline_below200,0.11099764982560548,0.10273099253621407,cbg
miami,Vehicle Travel,pop,drove_alone_per_cbg,0.05534455549511945,0.054053414256549706,cbg
miami,Vehicle Travel,pop,estpmiles,0.2761133355796483,0.26881028117702355,cbg
miami,Vehicle Travel,pop,estptrp,0.17837115071682183,0.1650270013913275,cbg
miami,Vehicle Travel,pop,estvmiles,0.2636940573051666,0.2621415934009722,cbg
miami,Vehicle Travel,pop,estvtrp,0.23141797089255736,0.22680508981705216,cbg
newyork,Crime,pop,logcrime,0.19819713036490816,0.1934842838761146,cbg
newyork,Crime,pop,logpetty,0.2400675388868878,0.22980048752015927,cbg
newyork,Health,pop,bphighcrud,0.006777469599592756,0.00520257037010029,cbg
newyork,Health,pop,cancercrud,0.2570834324997036,0.2586030347631857,cbg
newyork,Health,pop,diabetescr,0.049972470038600336,0.050239440264355215,cbg
newyork,Health,pop,lpacrudepr,0.06894208635104125,0.06887828465575464,cbg
newyork,Health,pop,mhlthcrude,0.09867274925429298,0.09569873392466209,cbg
newyork,Health,pop,obesitycru,0.006976101581872729,0.003880752592452086,cbg
newyork,Health,pop,phlthcrude,0.05630512054600821,0.05349727895401547,cbg
newyork,Non-vehicle Travel,pop,publictrans_per_cbg,0.5742913270926077,0.5701177790122189,cbg
newyork,Non-vehicle Travel,pop,walkbike_per_cbg,0.20249225790074205,0.20441375981840246,cbg
newyork,Poverty,pop,logincome,0.21015455625778162,0.2187443228848996,cbg
newyork,Poverty,pop,povertyline_below100,0.09286936792937561,0.08919392603206701,cbg
newyork,Poverty,pop,povertyline_below200,0.22149529548520802,0.22055731765851644,cbg
newyork,Vehicle Travel,pop,drove_alone_per_cbg,0.6227735514131114,0.6173876589697678,cbg
newyork,Vehicle Travel,pop,estpmiles,0.6911133648404495,0.6918250602907714,cbg
newyork,Vehicle Travel,pop,estptrp,0.29632482451483966,0.299995173620135,cbg
newyork,Vehicle Travel,pop,estvmiles,0.7736208222914568,0.7729471121708346,cbg
newyork,Vehicle Travel,pop,estvtrp,0.728169239938895,0.7264487045416484,cbg
philadelphia,Crime,pop,logcrime,0.1328942282627033,0.1431794266837053,cbg
philadelphia,Crime,pop,logpetty,0.4033418369007228,0.39456316862993124,cbg
philadelphia,Health,pop,bphighcrud,0.09359361476739772,0.08958913897993451,cbg
philadelphia,Health,pop,cancercrud,0.2709048974529388,0.2667415780055225,cbg
philadelphia,Health,pop,diabetescr,0.21037407023149343,0.20904461348861564,cbg
philadelphia,Health,pop,lpacrudepr,0.2925266854673706,0.29064351141439804,cbg
philadelphia,Health,pop,mhlthcrude,0.3424866744391822,0.34083613198906776,cbg
philadelphia,Health,pop,obesitycru,0.1014633991088072,0.09686997065427275,cbg
philadelphia,Health,pop,phlthcrude,0.2521700857380115,0.24546249568871575,cbg
philadelphia,Non-vehicle Travel,pop,publictrans_per_cbg,0.3449354178509032,0.3415379827342583,cbg
philadelphia,Non-vehicle Travel,pop,walkbike_per_cbg,0.14888037208532637,0.1301749216840145,cbg
philadelphia,Poverty,pop,logincome,0.32470587996848804,0.33265496092198077,cbg
philadelphia,Poverty,pop,povertyline_below100,0.16224391361191082,0.17113595842734997,cbg
philadelphia,Poverty,pop,povertyline_below200,0.31233797088468773,0.31501846467839634,cbg
philadelphia,Vehicle Travel,pop,drove_alone_per_cbg,0.3630299149146138,0.34693627451182085,cbg
philadelphia,Vehicle Travel,pop,estpmiles,0.710691307882412,0.7118627088980528,cbg
philadelphia,Vehicle Travel,pop,estptrp,0.3130490335652566,0.31344747315682087,cbg
philadelphia,Vehicle Travel,pop,estvmiles,0.7386812228282179,0.7410248783490887,cbg
philadelphia,Vehicle Travel,pop,estvtrp,0.6193530435126633,0.6266979789032281,cbg
sanfrancisco,Crime,pop,logcrime,0.4841927523003304,0.48840796723181956,cbg
sanfrancisco,Crime,pop,logpetty,0.4502477240300264,0.4785931969085115,cbg
sanfrancisco,Health,pop,bphighcrud,0.033796059422461354,0.03654081963048535,cbg
sanfrancisco,Health,pop,cancercrud,0.27704168562913967,0.2883940490447756,cbg
sanfrancisco,Health,pop,diabetescr,0.00962490655830799,-0.0007705689142764483,cbg
sanfrancisco,Health,pop,lpacrudepr,0.060390685701362225,0.05557995214643539,cbg
sanfrancisco,Health,pop,mhlthcrude,0.05715852662405778,0.05595370986745455,cbg
sanfrancisco,Health,pop,obesitycru,0.02679641239115299,0.025480325205572363,cbg
sanfrancisco,Health,pop,phlthcrude,0.006211756980748817,-0.001407474854570412,cbg
sanfrancisco,Non-vehicle Travel,pop,publictrans_per_cbg,0.3091854722294417,0.31251472796800345,cbg
sanfrancisco,Non-vehicle Travel,pop,walkbike_per_cbg,0.22048619388330723,0.2172376335483463,cbg
sanfrancisco,Poverty,pop,logincome,0.13728917843083388,0.1353668428006453,cbg
sanfrancisco,Poverty,pop,povertyline_below100,0.05673565711363511,0.05138159201435043,cbg
sanfrancisco,Poverty,pop,povertyline_below200,0.12616616244678566,0.13459525562676694,cbg
sanfrancisco,Vehicle Travel,pop,drove_alone_per_cbg,0.3271104994799133,0.32917598671392617,cbg
sanfrancisco,Vehicle Travel,pop,estpmiles,0.4373171536674789,0.4325263130371148,cbg
sanfrancisco,Vehicle Travel,pop,estptrp,0.2132365534001265,0.23281981056795525,cbg
sanfrancisco,Vehicle Travel,pop,estvmiles,0.49804723323925826,0.47566727030485384,cbg
sanfrancisco,Vehicle Travel,pop,estvtrp,0.4032826148402873,0.38681718534001464,cbg
boston,Crime,core,logcrime,0.23341163529614545,0.19522236465736087,cbg
boston,Crime,core,logpetty,0.14888609992642893,0.09229984748644536,cbg
boston,Health,core,bphighcrud,0.41064751699973534,0.40945861008368817,cbg
boston,Health,core,cancercrud,0.51814713774134,0.5114031719045152,cbg
boston,Health,core,diabetescr,0.4632455298043947,0.45455512275347215,cbg
boston,Health,core,lpacrudepr,0.4770756146209799,0.463696468642455,cbg
boston,Health,core,mhlthcrude,0.41462566430279757,0.4036717113738574,cbg
boston,Health,core,obesitycru,0.4297522861330433,0.42148902883864936,cbg
boston,Health,core,phlthcrude,0.4014297870405345,0.39479711655553495,cbg
boston,Non-vehicle Travel,core,publictrans_per_cbg,0.5245217632859033,0.5220732383997624,cbg
boston,Non-vehicle Travel,core,walkbike_per_cbg,0.3943439977819622,0.4001518427172958,cbg
boston,Poverty,core,logincome,0.38435003024525577,0.372861934897904,cbg
boston,Poverty,core,povertyline_below100,0.19753488039254022,0.1688984689832303,cbg
boston,Poverty,core,povertyline_below200,0.4316496273806968,0.4110381883471961,cbg
boston,Vehicle Travel,core,drove_alone_per_cbg,0.6342727389122459,0.6347146797705913,cbg
boston,Vehicle Travel,core,estpmiles,0.6942614713917441,0.6897559487494144,cbg
boston,Vehicle Travel,core,estptrp,0.3429310877808574,0.34130612244071123,cbg
boston,Vehicle Travel,core,estvmiles,0.7713619724490093,0.7703675277134893,cbg
boston,Vehicle Travel,core,estvtrp,0.7230011220380086,0.7200706176971965,cbg
chicago,Crime,core,logcrime,0.49931731166352317,0.4832647204832984,cbg
chicago,Crime,core,logpetty,0.39616896163437176,0.3852517125608924,cbg
chicago,Health,core,bphighcrud,0.6342921769034237,0.6369309396477606,cbg
chicago,Health,core,cancercrud,0.4603690530560942,0.46302653383604186,cbg
chicago,Health,core,diabetescr,0.6553616063381444,0.6524035491054408,cbg
chicago,Health,core,lpacrudepr,0.47113432941845124,0.45832091890434246,cbg
chicago,Health,core,mhlthcrude,0.4463376995554601,0.4335607696866279,cbg
chicago,Health,core,obesitycru,0.5451599121294379,0.5436157002744103,cbg
chicago,Health,core,phlthcrude,0.463121589408858,0.448761527437191,cbg
chicago,Non-vehicle Travel,core,publictrans_per_cbg,0.45096766246239994,0.45585704830584967,cbg
chicago,Non-vehicle Travel,core,walkbike_per_cbg,0.26589692715428437,0.25310269354499854,cbg
chicago,Poverty,core,logincome,0.43119462949081466,0.43877829439055666,cbg
chicago,Poverty,core,povertyline_below100,0.23168231333684003,0.21491197450353275,cbg
chicago,Poverty,core,povertyline_below200,0.4275071335964216,0.4210306467192195,cbg
chicago,Vehicle Travel,core,drove_alone_per_cbg,0.5039503327199474,0.4983480968129205,cbg
chicago,Vehicle Travel,core,estpmiles,0.6229681897619785,0.6256293498892724,cbg
chicago,Vehicle Travel,core,estptrp,0.4301865046150407,0.4380524077490013,cbg
chicago,Vehicle Travel,core,estvmiles,0.6775791801791751,0.6730609534262935,cbg
chicago,Vehicle Travel,core,estvtrp,0.6443463617260426,0.6440658286151033,cbg
losangeles,Crime,core,logcrime,0.2772016047150551,0.2629462181166036,cbg
losangeles,Crime,core,logpetty,0.19438780941790038,0.19838854098805186,cbg
losangeles,Health,core,bphighcrud,0.24905952543843551,0.24368718714252333,cbg
losangeles,Health,core,cancercrud,0.527991972651822,0.5306989071227844,cbg
losangeles,Health,core,diabetescr,0.30558552901785074,0.2974097455845677,cbg
losangeles,Health,core,lpacrudepr,0.34841561846667346,0.3450358989952099,cbg
losangeles,Health,core,mhlthcrude,0.3467195089096094,0.3411205120269677,cbg
losangeles,Health,core,obesitycru,0.23087495395932364,0.22394404538014817,cbg
losangeles,Health,core,phlthcrude,0.22424967232246332,0.21528926111600546,cbg
losangeles,Non-vehicle Travel,core,publictrans_per_cbg,0.3234148247817666,0.3236275965910792,cbg
losangeles,Non-vehicle Travel,core,walkbike_per_cbg,0.053872106587689914,0.057853551325691255,cbg
losangeles,Poverty,core,logincome,0.34376018402182085,0.3432029845332135,cbg
losangeles,Poverty,core,povertyline_below100,0.10065285975485536,0.09939626091094968,cbg
losangeles,Poverty,core,povertyline_below200,0.3370847285473006,0.32710162971959905,cbg
losangeles,Vehicle Travel,core,drove_alone_per_cbg,0.1599179056538966,0.16511636054923834,cbg
losangeles,Vehicle Travel,core,estpmiles,0.3441102934771121,0.34593802482300207,cbg
losangeles,Vehicle Travel,core,estptrp,0.1744416743806067,0.17034058961329257,cbg
losangeles,Vehicle Travel,core,estvmiles,0.4345067742552716,0.43129771705313596,cbg
losangeles,Vehicle Travel,core,estvtrp,0.386261625586901,0.39511721607654104,cbg
miami,Crime,core,logcrime,,,cbg
miami,Crime,core,logpetty,,,cbg
miami,Health,core,bphighcrud,0.49792616928373923,0.49128102143973884,cbg
miami,Health,core,cancercrud,0.6323124390369299,0.6325115269420974,cbg
miami,Health,core,diabetescr,0.30338360778334605,0.28677195094071617,cbg
miami,Health,core,lpacrudepr,0.3331535780684473,0.3206206105030568,cbg
miami,Health,core,mhlthcrude,0.510586347282965,0.5169972273699425,cbg
miami,Health,core,obesitycru,0.5216800308755547,0.5215187387868534,cbg
miami,Health,core,phlthcrude,0.24025986076010822,0.23375944782063188,cbg
miami,Non-vehicle Travel,core,publictrans_per_cbg,0.24230631961313115,0.25950108968869534,cbg
miami,Non-vehicle Travel,core,walkbike_per_cbg,0.06773608222175884,0.07393423380790903,cbg
miami,Poverty,core,logincome,0.27601910200764046,0.2646773732483865,cbg
miami,Poverty,core,povertyline_below100,0.10390202062452451,0.10714470877680768,cbg
miami,Poverty,core,povertyline_below200,0.2639629429454944,0.25437726725403903,cbg
miami,Vehicle Travel,core,drove_alone_per_cbg,0.057967745238609446,0.05550452446259978,cbg
miami,Vehicle Travel,core,estpmiles,0.41163263891711904,0.4019189841845277,cbg
miami,Vehicle Travel,core,estptrp,0.3393946547625116,0.3256892232011772,cbg
miami,Vehicle Travel,core,estvmiles,0.4249811863597669,0.4125363666090175,cbg
miami,Vehicle Travel,core,estvtrp,0.3795832888484079,0.36564149287904635,cbg
newyork,Crime,core,logcrime,0.19450483779759323,0.20629695751297605,cbg
newyork,Crime,core,logpetty,0.05775760509034004,0.061773561693550826,cbg
newyork,Health,core,bphighcrud,0.4432653827658716,0.4465130143390626,cbg
newyork,Health,core,cancercrud,0.5732457882178863,0.5765944775551628,cbg
newyork,Health,core,diabetescr,0.5568267907683476,0.5581144971537731,cbg
newyork,Health,core,lpacrudepr,0.4758032403891905,0.48049581243083395,cbg
newyork,Health,core,mhlthcrude,0.32143552945133,0.3291637963905627,cbg
newyork,Health,core,obesitycru,0.4490790034030205,0.44903241421798407,cbg
newyork,Health,core,phlthcrude,0.32679895945949483,0.33313286618866245,cbg
newyork,Non-vehicle Travel,core,publictrans_per_cbg,0.6310401699440555,0.6268560682299331,cbg
newyork,Non-vehicle Travel,core,walkbike_per_cbg,0.27740782893524873,0.28479735610966694,cbg
newyork,Poverty,core,logincome,0.372608021483333,0.36976244904488353,cbg
newyork,Poverty,core,povertyline_below100,0.1480429404321772,0.14406878615184382,cbg
newyork,Poverty,core,povertyline_below200,0.3471437820968118,0.34390462477651845,cbg
newyork,Vehicle Travel,core,drove_alone_per_cbg,0.6925966597805552,0.6914097324025404,cbg
newyork,Vehicle Travel,core,estpmiles,0.7061193802460582,0.7090340795914802,cbg
newyork,Vehicle Travel,core,estptrp,0.34821132321765047,0.35221054478848646,cbg
newyork,Vehicle Travel,core,estvmiles,0.7909357867043467,0.7927448394000925,cbg
newyork,Vehicle Travel,core,estvtrp,0.7677040910325397,0.7701207839269708,cbg
philadelphia,Crime,core,logcrime,0.367183454725584,0.36006769562685087,cbg
philadelphia,Crime,core,logpetty,0.41611493990558285,0.3635740444333676,cbg
philadelphia,Health,core,bphighcrud,0.5719350142311078,0.5739498390437576,cbg
philadelphia,Health,core,cancercrud,0.5067130583149775,0.5062409505525696,cbg
philadelphia,Health,core,diabetescr,0.666980138827059,0.6672122243873628,cbg
philadelphia,Health,core,lpacrudepr,0.616880005764914,0.6103356231228162,cbg
philadelphia,Health,core,mhlthcrude,0.535877884949082,0.5318083961203122,cbg
philadelphia,Health,core,obesitycru,0.6081185171353657,0.6037756270069521,cbg
philadelphia,Health,core,phlthcrude,0.5228588288936746,0.5145036875172576,cbg
philadelphia,Non-vehicle Travel,core,publictrans_per_cbg,0.5444078312775643,0.5405040643746943,cbg
philadelphia,Non-vehicle Travel,core,walkbike_per_cbg,0.3061433307422396,0.2834663978741525,cbg
philadelphia,Poverty,core,logincome,0.5103936742817892,0.5073336968406992,cbg
philadelphia,Poverty,core,povertyline_below100,0.2593555527925844,0.2763244663604479,cbg
philadelphia,Poverty,core,povertyline_below200,0.5161278010943732,0.5073324515423576,cbg
philadelphia,Vehicle Travel,core,drove_alone_per_cbg,0.5468337386654468,0.5331057794268992,cbg
philadelphia,Vehicle Travel,core,estpmiles,0.7502615231754924,0.7498396322212726,cbg
philadelphia,Vehicle Travel,core,estptrp,0.389944283145755,0.38846056682481345,cbg
philadelphia,Vehicle Travel,core,estvmiles,0.7929544177139736,0.7928600112599868,cbg
philadelphia,Vehicle Travel,core,estvtrp,0.7455051918718076,0.7536705204366512,cbg
sanfrancisco,Crime,core,logcrime,0.41817532585294614,0.43022739732180276,cbg
sanfrancisco,Crime,core,logpetty,0.4630983286427225,0.4580704373205974,cbg
sanfrancisco,Health,core,bphighcrud,0.25193694108984394,0.2640362711007319,cbg
sanfrancisco,Health,core,cancercrud,0.575724231343336,0.566617992782395,cbg
sanfrancisco,Health,core,diabetescr,0.368238835555694,0.365563845876727,cbg
sanfrancisco,Health,core,lpacrudepr,0.3937282440765735,0.3896558795217315,cbg
sanfrancisco,Health,core,mhlthcrude,0.29551250670669293,0.28179823935904685,cbg
sanfrancisco,Health,core,obesitycru,0.3161329816572339,0.3040525855535229,cbg
sanfrancisco,Health,core,phlthcrude,0.22489880087075192,0.21541874508653835,cbg
sanfrancisco,Non-vehicle Travel,core,publictrans_per_cbg,0.5541686712070508,0.5627466463381066,cbg
sanfrancisco,Non-vehicle Travel,core,walkbike_per_cbg,0.2965343694878362,0.28858347728823197,cbg
sanfrancisco,Poverty,core,logincome,0.2935366819826882,0.2727399427030454,cbg
sanfrancisco,Poverty,core,povertyline_below100,0.07749034842363592,0.07354153999401844,cbg
sanfrancisco,Poverty,core,povertyline_below200,0.22458902266218778,0.23884428701221214,cbg
sanfrancisco,Vehicle Travel,core,drove_alone_per_cbg,0.5936093832311657,0.5961622989079265,cbg
sanfrancisco,Vehicle Travel,core,estpmiles,0.42557132386272406,0.412684901305499,cbg
sanfrancisco,Vehicle Travel,core,estptrp,0.350735649611707,0.35434786956900394,cbg
sanfrancisco,Vehicle Travel,core,estvmiles,0.5024866678969958,0.469512760893165,cbg
sanfrancisco,Vehicle Travel,core,estvtrp,0.5166446629029291,0.48820531973550024,cbg
boston,Crime,core+poi,logcrime,0.3560098873225065,0.27313123752079366,cbg
boston,Crime,core+poi,logpetty,0.3787919008570918,0.2614449585389441,cbg
boston,Health,core+poi,bphighcrud,0.49396598868081504,0.4918351210270293,cbg
boston,Health,core+poi,cancercrud,0.6174698913666623,0.6001317207051765,cbg
boston,Health,core+poi,diabetescr,0.5247387072064746,0.515107999991862,cbg
boston,Health,core+poi,lpacrudepr,0.5714513491348858,0.5493750115666737,cbg
boston,Health,core+poi,mhlthcrude,0.5520660755608248,0.523426452145763,cbg
boston,Health,core+poi,obesitycru,0.5543784914416706,0.5470312695305858,cbg
boston,Health,core+poi,phlthcrude,0.5105858044195275,0.5005369790932465,cbg
boston,Non-vehicle Travel,core+poi,publictrans_per_cbg,0.5759252517222249,0.5608575150419803,cbg
boston,Non-vehicle Travel,core+poi,walkbike_per_cbg,0.5166150365863673,0.5190404203744688,cbg
boston,Poverty,core+poi,logincome,0.4912568768823727,0.47261243428990396,cbg
boston,Poverty,core+poi,povertyline_below100,0.24379753935979612,0.1875796334636159,cbg
boston,Poverty,core+poi,povertyline_below200,0.4862075796774258,0.45423917282156945,cbg
boston,Vehicle Travel,core+poi,drove_alone_per_cbg,0.6890942159520462,0.6840353795441112,cbg
boston,Vehicle Travel,core+poi,estpmiles,0.7430717071676733,0.7335331432440289,cbg
boston,Vehicle Travel,core+poi,estptrp,0.4627038615932846,0.453246735870919,cbg
boston,Vehicle Travel,core+poi,estvmiles,0.7999900873815277,0.79305828914663,cbg
boston,Vehicle Travel,core+poi,estvtrp,0.7733133420155884,0.7555961317081954,cbg
chicago,Crime,core+poi,logcrime,0.5984723123216562,0.5704697323057388,cbg
chicago,Crime,core+poi,logpetty,0.6080695131220555,0.5808933703573993,cbg
chicago,Health,core+poi,bphighcrud,0.68292060363797,0.6783461127572948,cbg
chicago,Health,core+poi,cancercrud,0.5431442037678897,0.53436537592081,cbg
chicago,Health,core+poi,diabetescr,0.7285963605177648,0.7232101240870288,cbg
chicago,Health,core+poi,lpacrudepr,0.6369268409321596,0.6245210104920527,cbg
chicago,Health,core+poi,mhlthcrude,0.5760364794642151,0.5583681618976548,cbg
chicago,Health,core+poi,obesitycru,0.6300948744878451,0.6228678927188572,cbg
chicago,Health,core+poi,phlthcrude,0.6084166724039816,0.5894169062760207,cbg
chicago,Non-vehicle Travel,core+poi,publictrans_per_cbg,0.5257524670607265,0.5173925639543908,cbg
chicago,Non-vehicle Travel,core+poi,walkbike_per_cbg,0.37166088664416647,0.3296241101083646,cbg
chicago,Poverty,core+poi,logincome,0.5366369120109014,0.5300524481003213,cbg
chicago,Poverty,core+poi,povertyline_below100,0.2520545864627305,0.22359899969983532,cbg
chicago,Poverty,core+poi,povertyline_below200,0.5061901335438845,0.4942647332040437,cbg
chicago,Vehicle Travel,core+poi,drove_alone_per_cbg,0.5702949592126405,0.5497153708303506,cbg
chicago,Vehicle Travel,core+poi,estpmiles,0.6505238041254352,0.6450667284041071,cbg
chicago,Vehicle Travel,core+poi,estptrp,0.47757573471622994,0.4784058346709708,cbg
chicago,Vehicle Travel,core+poi,estvmiles,0.7054142010580453,0.6945563811009821,cbg
chicago,Vehicle Travel,core+poi,estvtrp,0.6784587352968058,0.6731001324470431,cbg
losangeles,Crime,core+poi,logcrime,0.4154711827537104,0.3839822442665382,cbg
losangeles,Crime,core+poi,logpetty,0.41025660799867014,0.3958197145090149,cbg
losangeles,Health,core+poi,bphighcrud,0.3116443833194712,0.3005597711893528,cbg
losangeles,Health,core+poi,cancercrud,0.6188344602167408,0.6117742332755959,cbg
losangeles,Health,core+poi,diabetescr,0.49594630559198666,0.4841858442117367,cbg
losangeles,Health,core+poi,lpacrudepr,0.588636054701024,0.5819792761298479,cbg
losangeles,Health,core+poi,mhlthcrude,0.510533607895767,0.5006944890027307,cbg
losangeles,Health,core+poi,obesitycru,0.4749838647791894,0.46371316371456855,cbg
losangeles,Health,core+poi,phlthcrude,0.4598086962224167,0.44722035360538986,cbg
losangeles,Non-vehicle Travel,core+poi,publictrans_per_cbg,0.360476238341228,-0.07012518098328163,cbg
losangeles,Non-vehicle Travel,core+poi,walkbike_per_cbg,0.16890022980897404,0.11114996655472295,cbg
losangeles,Poverty,core+poi,logincome,0.4812961099451168,0.47823913120393396,cbg
losangeles,Poverty,core+poi,povertyline_below100,0.12364726584496541,0.11142914183837882,cbg
losangeles,Poverty,core+poi,povertyline_below200,0.4572423641761774,0.451858612302616,cbg
losangeles,Vehicle Travel,core+poi,drove_alone_per_cbg,0.2303833109768724,-4.02618911318112,cbg
losangeles,Vehicle Travel,core+poi,estpmiles,0.4785953515735136,0.4784159094195939,cbg
losangeles,Vehicle Travel,core+poi,estptrp,0.3874209650664787,0.37949281608677404,cbg
losangeles,Vehicle Travel,core+poi,estvmiles,0.5350757516090583,0.5248983234866643,cbg
losangeles,Vehicle Travel,core+poi,estvtrp,0.5149850976786458,0.5225242055100473,cbg
miami,Crime,core+poi,logcrime,,,cbg
miami,Crime,core+poi,logpetty,,,cbg
miami,Health,core+poi,bphighcrud,0.5627993671723909,0.5497872547325143,cbg
miami,Health,core+poi,cancercrud,0.6597621459304543,0.6498053534920423,cbg
miami,Health,core+poi,diabetescr,0.4826652360801586,0.45769051803832383,cbg
miami,Health,core+poi,lpacrudepr,0.5548305491084817,0.5267863473879422,cbg
miami,Health,core+poi,mhlthcrude,0.6242315792775432,0.6030603920051852,cbg
miami,Health,core+poi,obesitycru,0.647275523064741,0.6257183575685434,cbg
miami,Health,core+poi,phlthcrude,0.4498644238799283,0.423573395508677,cbg
miami,Non-vehicle Travel,core+poi,publictrans_per_cbg,0.26065769474890854,0.2643685505196741,cbg
miami,Non-vehicle Travel,core+poi,walkbike_per_cbg,0.19625594859260148,0.1728788940435177,cbg
miami,Poverty,core+poi,logincome,0.42891094431536364,0.3938788400476383,cbg
miami,Poverty,core+poi,povertyline_below100,0.143034906358324,0.13015162159737198,cbg
miami,Poverty,core+poi,povertyline_below200,0.40329921529221824,0.38476116233252017,cbg
miami,Vehicle Travel,core+poi,drove_alone_per_cbg,0.13659207781038857,0.10982364121337389,cbg
miami,Vehicle Travel,core+poi,estpmiles,0.5346506578547167,0.5148863255208159,cbg
miami,Vehicle Travel,core+poi,estptrp,0.5034887022415766,0.4645054101345368,cbg
miami,Vehicle Travel,core+poi,estvmiles,0.5336278161824947,0.5084877416747289,cbg
miami,Vehicle Travel,core+poi,estvtrp,0.5173403423748109,0.485970332375725,cbg
newyork,Crime,core+poi,logcrime,0.34538047042889936,0.3414007906777517,cbg
newyork,Crime,core+poi,logpetty,0.3102657406005521,0.2946106597921531,cbg
newyork,Health,core+poi,bphighcrud,0.5174104846203514,0.5112879362532311,cbg
newyork,Health,core+poi,cancercrud,0.6373487662578937,0.6339332040205767,cbg
newyork,Health,core+poi,diabetescr,0.6023516583453544,0.5963969974996507,cbg
newyork,Health,core+poi,lpacrudepr,0.5531890476628034,0.5488998631440528,cbg
newyork,Health,core+poi,mhlthcrude,0.4143121919338917,0.40854615024932095,cbg
newyork,Health,core+poi,obesitycru,0.5273704268008143,0.516505404771167,cbg
newyork,Health,core+poi,phlthcrude,0.40871995182850346,0.4028020011565097,cbg
newyork,Non-vehicle Travel,core+poi,publictrans_per_cbg,0.6857308374329293,0.6785352379986185,cbg
newyork,Non-vehicle Travel,core+poi,walkbike_per_cbg,0.3486336568022462,0.35009420198699936,cbg
newyork,Poverty,core+poi,logincome,0.4350423962004252,0.4287935070427366,cbg
newyork,Poverty,core+poi,povertyline_below100,0.17347449941215765,0.16324722787767915,cbg
newyork,Poverty,core+poi,povertyline_below200,0.4017717249027852,0.388971243550757,cbg
newyork,Vehicle Travel,core+poi,drove_alone_per_cbg,0.7361189727521753,0.7285819279371781,cbg
newyork,Vehicle Travel,core+poi,estpmiles,0.7366029308414344,0.7376171157540188,cbg
newyork,Vehicle Travel,core+poi,estptrp,0.3968331445819778,0.3903344630892716,cbg
newyork,Vehicle Travel,core+poi,estvmiles,0.8155646493385953,0.812566773807702,cbg
newyork,Vehicle Travel,core+poi,estvtrp,0.8061989751569876,0.8045454572080987,cbg
philadelphia,Crime,core+poi,logcrime,0.4923232777787697,0.4284065549021043,cbg
philadelphia,Crime,core+poi,logpetty,0.6255850245376287,0.5399054838365767,cbg
philadelphia,Health,core+poi,bphighcrud,0.6197270295218156,0.616656653341418,cbg
philadelphia,Health,core+poi,cancercrud,0.5628450084378785,0.5486282879339568,cbg
philadelphia,Health,core+poi,diabetescr,0.7034364421873556,0.7018202582267128,cbg
philadelphia,Health,core+poi,lpacrudepr,0.6884460196842839,0.6779643960454141,cbg
philadelphia,Health,core+poi,mhlthcrude,0.6169219559320867,0.6086308545253483,cbg
philadelphia,Health,core+poi,obesitycru,0.6528675327483762,0.6211968157401877,cbg
philadelphia,Health,core+poi,phlthcrude,0.6066075674398363,0.5991840967190776,cbg
philadelphia,Non-vehicle Travel,core+poi,publictrans_per_cbg,0.5610516707411112,0.5543428465415772,cbg
philadelphia,Non-vehicle Travel,core+poi,walkbike_per_cbg,0.4015593217431352,0.3673518420295781,cbg
philadelphia,Poverty,core+poi,logincome,0.5843422159179466,0.5728816251188688,cbg
philadelphia,Poverty,core+poi,povertyline_below100,0.2809220446838171,0.2833042854956339,cbg
philadelphia,Poverty,core+poi,povertyline_below200,0.5615867094234896,0.5465274912591325,cbg
philadelphia,Vehicle Travel,core+poi,drove_alone_per_cbg,0.5767945722315899,0.5507657085653916,cbg
philadelphia,Vehicle Travel,core+poi,estpmiles,0.7767004991073853,0.7701214521904817,cbg
philadelphia,Vehicle Travel,core+poi,estptrp,0.43772894637552495,0.4019712576231024,cbg
philadelphia,Vehicle Travel,core+poi,estvmiles,0.8142286040886979,0.8098671527500132,cbg
philadelphia,Vehicle Travel,core+poi,estvtrp,0.7769011086824278,0.7564370736400005,cbg
sanfrancisco,Crime,core+poi,logcrime,0.6366576778503066,0.6032061407024153,cbg
sanfrancisco,Crime,core+poi,logpetty,0.6815947256435746,0.661949137686862,cbg
sanfrancisco,Health,core+poi,bphighcrud,0.3410752578898003,0.32213770940698994,cbg
sanfrancisco,Health,core+poi,cancercrud,0.6360537101997379,0.6176576117013577,cbg
sanfrancisco,Health,core+poi,diabetescr,0.4577997766400232,0.4327063939477901,cbg
sanfrancisco,Health,core+poi,lpacrudepr,0.50845145441257,0.48892573363467706,cbg
sanfrancisco,Health,core+poi,mhlthcrude,0.4358974035199676,0.4012321883696523,cbg
sanfrancisco,Health,core+poi,obesitycru,0.48407791764327,0.4544156122229574,cbg
sanfrancisco,Health,core+poi,phlthcrude,0.37086697000636476,0.3363701625042973,cbg
sanfrancisco,Non-vehicle Travel,core+poi,publictrans_per_cbg,0.6091062555586533,0.6066692849642648,cbg
sanfrancisco,Non-vehicle Travel,core+poi,walkbike_per_cbg,0.49038667800371394,0.4417664065281757,cbg
sanfrancisco,Poverty,core+poi,logincome,0.41878436713339695,0.3872651103755116,cbg
sanfrancisco,Poverty,core+poi,povertyline_below100,0.17741362252148862,0.12665682644868484,cbg
sanfrancisco,Poverty,core+poi,povertyline_below200,0.3245375423171954,0.2997086013370104,cbg
sanfrancisco,Vehicle Travel,core+poi,drove_alone_per_cbg,0.6620478528119919,0.6443035557467904,cbg
sanfrancisco,Vehicle Travel,core+poi,estpmiles,0.5368220498469226,0.4980238084763699,cbg
sanfrancisco,Vehicle Travel,core+poi,estptrp,0.4734587852530036,0.4692782544060409,cbg
sanfrancisco,Vehicle Travel,core+poi,estvmiles,0.591523769747012,0.5571823542315052,cbg
sanfrancisco,Vehicle Travel,core+poi,estvtrp,0.607431840735295,0.5732128167335816,cbg
boston,Crime,core+gsv,logcrime,0.41962033418551686,0.32187767616663565,cbg
boston,Crime,core+gsv,logpetty,0.3255376579821426,0.23812465136733385,cbg
boston,Health,core+gsv,bphighcrud,0.5005510006677824,0.4880828820513915,cbg
boston,Health,core+gsv,cancercrud,0.6093166547384435,0.5700088116309644,cbg
boston,Health,core+gsv,diabetescr,0.5391126429486939,0.4966790252895546,cbg
boston,Health,core+gsv,lpacrudepr,0.6474775375444553,0.5831990242936664,cbg
boston,Health,core+gsv,mhlthcrude,0.546325740352396,0.48341365822238236,cbg
boston,Health,core+gsv,obesitycru,0.5186313181399376,0.3986913977208158,cbg
boston,Health,core+gsv,phlthcrude,0.5020101026005549,0.3632027895277507,cbg
boston,Non-vehicle Travel,core+gsv,publictrans_per_cbg,0.589138380525825,0.5796431324034782,cbg
boston,Non-vehicle Travel,core+gsv,walkbike_per_cbg,0.651976907103338,0.6171139139165905,cbg
boston,Poverty,core+gsv,logincome,0.5168296675393146,0.42888965347298064,cbg
boston,Poverty,core+gsv,povertyline_below100,0.2587475559053135,0.2038900639370714,cbg
boston,Poverty,core+gsv,povertyline_below200,0.5208343767499306,0.4592108954475548,cbg
boston,Vehicle Travel,core+gsv,drove_alone_per_cbg,0.704853232711359,0.6857053616945916,cbg
boston,Vehicle Travel,core+gsv,estpmiles,0.7600377445869281,0.6843043578145019,cbg
boston,Vehicle Travel,core+gsv,estptrp,0.5157589457671714,0.48504472018302147,cbg
boston,Vehicle Travel,core+gsv,estvmiles,0.8178230444086104,0.7670743060700197,cbg
boston,Vehicle Travel,core+gsv,estvtrp,0.8119049782595882,0.8005853013143481,cbg
chicago,Crime,core+gsv,logcrime,0.6343028844333921,0.6056282903482916,cbg
chicago,Crime,core+gsv,logpetty,0.6033199798398774,0.5742151931101251,cbg
chicago,Health,core+gsv,bphighcrud,0.7145354562296642,0.707192668627787,cbg
chicago,Health,core+gsv,cancercrud,0.6028951776047682,0.5970453135598907,cbg
chicago,Health,core+gsv,diabetescr,0.7374711627747732,0.7280775961544366,cbg
chicago,Health,core+gsv,lpacrudepr,0.6365512876584662,0.6181005057189136,cbg
chicago,Health,core+gsv,mhlthcrude,0.5745691149884713,0.5499364935094397,cbg
chicago,Health,core+gsv,obesitycru,0.6618456903238303,0.6530957572258689,cbg
chicago,Health,core+gsv,phlthcrude,0.6106312248504896,0.5887982314529504,cbg
chicago,Non-vehicle Travel,core+gsv,publictrans_per_cbg,0.5826900686010378,0.577352581758902,cbg
chicago,Non-vehicle Travel,core+gsv,walkbike_per_cbg,0.41164608220237914,0.3829607300050858,cbg
chicago,Poverty,core+gsv,logincome,0.5554200953780558,0.5561140564113957,cbg
chicago,Poverty,core+gsv,povertyline_below100,0.272329898233055,0.24445293087646003,cbg
chicago,Poverty,core+gsv,povertyline_below200,0.5167399247416503,0.5037383565816667,cbg
chicago,Vehicle Travel,core+gsv,drove_alone_per_cbg,0.647427201607971,0.6359606495045576,cbg
chicago,Vehicle Travel,core+gsv,estpmiles,0.6808915867280017,0.6809919273901676,cbg
chicago,Vehicle Travel,core+gsv,estptrp,0.5538359828414221,0.5484124206644075,cbg
chicago,Vehicle Travel,core+gsv,estvmiles,0.7308980033469196,0.722220953881383,cbg
chicago,Vehicle Travel,core+gsv,estvtrp,0.743670563754986,0.7344735946951039,cbg
losangeles,Crime,core+gsv,logcrime,0.46749192699520153,0.4413772941557525,cbg
losangeles,Crime,core+gsv,logpetty,0.3692487556276329,0.3481029396475236,cbg
losangeles,Health,core+gsv,bphighcrud,0.3152765560465679,0.3081955204812565,cbg
losangeles,Health,core+gsv,cancercrud,0.6197964916879412,0.607689830883894,cbg
losangeles,Health,core+gsv,diabetescr,0.5605842904822029,0.5456905927230855,cbg
losangeles,Health,core+gsv,lpacrudepr,0.6530214740551565,0.6438061999357233,cbg
losangeles,Health,core+gsv,mhlthcrude,0.5878028406793693,0.5769026326490039,cbg
losangeles,Health,core+gsv,obesitycru,0.4851549910683989,0.48414219540154735,cbg
losangeles,Health,core+gsv,phlthcrude,0.5405354550857071,0.5294262434293648,cbg
losangeles,Non-vehicle Travel,core+gsv,publictrans_per_cbg,0.3967474567012371,0.3536643172219898,cbg
losangeles,Non-vehicle Travel,core+gsv,walkbike_per_cbg,0.1644275688342766,0.16056178706051102,cbg
losangeles,Poverty,core+gsv,logincome,0.5106124651817393,0.5077781533263727,cbg
losangeles,Poverty,core+gsv,povertyline_below100,0.14707362062965318,0.13746486577517303,cbg
losangeles,Poverty,core+gsv,povertyline_below200,0.502361114347424,0.49178148584649845,cbg
losangeles,Vehicle Travel,core+gsv,drove_alone_per_cbg,0.26159974712960177,0.23032164133327307,cbg
losangeles,Vehicle Travel,core+gsv,estpmiles,0.5023170033288578,0.49865521769063326,cbg
losangeles,Vehicle Travel,core+gsv,estptrp,0.4666827057921819,0.4600096678611273,cbg
losangeles,Vehicle Travel,core+gsv,estvmiles,0.552760775183528,0.5327708604871664,cbg
losangeles,Vehicle Travel,core+gsv,estvtrp,0.5745746983139588,0.5807819322315817,cbg
miami,Crime,core+gsv,logcrime,,,cbg
miami,Crime,core+gsv,logpetty,,,cbg
miami,Health,core+gsv,bphighcrud,0.6060744562400784,0.5919758262662557,cbg
miami,Health,core+gsv,cancercrud,0.6538257059754717,0.644843007386583,cbg
miami,Health,core+gsv,diabetescr,0.6196947522790363,0.6044810984459373,cbg
miami,Health,core+gsv,lpacrudepr,0.6859551369103032,0.6711634209745517,cbg
miami,Health,core+gsv,mhlthcrude,0.646059908176247,0.6359703545218822,cbg
miami,Health,core+gsv,obesitycru,0.7112137468868155,0.6963782491284037,cbg
miami,Health,core+gsv,phlthcrude,0.573454943311624,0.5612245812334781,cbg
miami,Non-vehicle Travel,core+gsv,publictrans_per_cbg,0.3060886390188938,0.3072910609045011,cbg
miami,Non-vehicle Travel,core+gsv,walkbike_per_cbg,0.2872595820449344,0.2814099897401965,cbg
miami,Poverty,core+gsv,logincome,0.5309828345928984,0.5119352375177959,cbg
miami,Poverty,core+gsv,povertyline_below100,0.15209084811905188,0.13967982272637552,cbg
miami,Poverty,core+gsv,povertyline_below200,0.48293515658290875,0.4606724988504561,cbg
miami,Vehicle Travel,core+gsv,drove_alone_per_cbg,0.21212198280295444,0.18686784039487722,cbg
miami,Vehicle Travel,core+gsv,estpmiles,0.5533841461604109,0.5409135744398879,cbg
miami,Vehicle Travel,core+gsv,estptrp,0.5311142894429068,0.5064661732866313,cbg
miami,Vehicle Travel,core+gsv,estvmiles,0.5555762119956975,0.5340376381724455,cbg
miami,Vehicle Travel,core+gsv,estvtrp,0.5576895407352014,0.5422410012476907,cbg
newyork,Crime,core+gsv,logcrime,0.3655435737513911,0.3517243604247837,cbg
newyork,Crime,core+gsv,logpetty,0.2731352938715546,0.2493411023156646,cbg
newyork,Health,core+gsv,bphighcrud,0.5102059267533281,0.447626286830854,cbg
newyork,Health,core+gsv,cancercrud,0.6594443183246151,0.648545067726669,cbg
newyork,Health,core+gsv,diabetescr,0.6420017176665613,0.5682464779575079,cbg
newyork,Health,core+gsv,lpacrudepr,0.6486170878779504,0.6199854765281776,cbg
newyork,Health,core+gsv,mhlthcrude,0.46871761424315145,0.37214042653882873,cbg
newyork,Health,core+gsv,obesitycru,0.5403811423064362,0.42457752770374696,cbg
newyork,Health,core+gsv,phlthcrude,0.4851820200143734,0.38837775441263533,cbg
newyork,Non-vehicle Travel,core+gsv,publictrans_per_cbg,0.756595014774108,0.7522203284388611,cbg
newyork,Non-vehicle Travel,core+gsv,walkbike_per_cbg,0.42166098060547796,0.42773561342851896,cbg
newyork,Poverty,core+gsv,logincome,0.5137808822194174,0.5088994197962173,cbg
newyork,Poverty,core+gsv,povertyline_below100,0.20699517164205794,0.19301979490296092,cbg
newyork,Poverty,core+gsv,povertyline_below200,0.46054708479128026,0.4459551628026756,cbg
newyork,Vehicle Travel,core+gsv,drove_alone_per_cbg,0.8237625179477,0.8217068765059073,cbg
newyork,Vehicle Travel,core+gsv,estpmiles,0.7727545441148242,0.770714135472159,cbg
newyork,Vehicle Travel,core+gsv,estptrp,0.4825740377631229,0.47932472633551154,cbg
newyork,Vehicle Travel,core+gsv,estvmiles,0.8369076085289209,0.8337967160380897,cbg
newyork,Vehicle Travel,core+gsv,estvtrp,0.8693236829422795,0.8681491915125426,cbg
philadelphia,Crime,core+gsv,logcrime,0.6331009865203722,0.6104704181075853,cbg
philadelphia,Crime,core+gsv,logpetty,0.5682128662862661,0.49430222851688155,cbg
philadelphia,Health,core+gsv,bphighcrud,0.6157809876733089,0.6104346452860954,cbg
philadelphia,Health,core+gsv,cancercrud,0.5865764258680388,0.5733363983646496,cbg
philadelphia,Health,core+gsv,diabetescr,0.7277846510349498,0.7268543431013766,cbg
philadelphia,Health,core+gsv,lpacrudepr,0.7815790853547161,0.773032355691387,cbg
philadelphia,Health,core+gsv,mhlthcrude,0.7185791275480663,0.7086352358564861,cbg
philadelphia,Health,core+gsv,obesitycru,0.6877389205395781,0.6774130650796144,cbg
philadelphia,Health,core+gsv,phlthcrude,0.7024022240176687,0.6932665041557639,cbg
philadelphia,Non-vehicle Travel,core+gsv,publictrans_per_cbg,0.5865015064237651,0.578938761523094,cbg
philadelphia,Non-vehicle Travel,core+gsv,walkbike_per_cbg,0.5105672984627028,0.4852137181874772,cbg
philadelphia,Poverty,core+gsv,logincome,0.6250555512825289,0.6225473067046627,cbg
philadelphia,Poverty,core+gsv,povertyline_below100,0.32341117398342206,0.32379132587070486,cbg
philadelphia,Poverty,core+gsv,povertyline_below200,0.6152455398989563,0.602773790964157,cbg
philadelphia,Vehicle Travel,core+gsv,drove_alone_per_cbg,0.6367748857746065,0.6175018543784787,cbg
philadelphia,Vehicle Travel,core+gsv,estpmiles,0.7994196331823034,0.7960024564574402,cbg
philadelphia,Vehicle Travel,core+gsv,estptrp,0.5279898264753683,0.5242214629004162,cbg
philadelphia,Vehicle Travel,core+gsv,estvmiles,0.8274238237095533,0.8267345810218153,cbg
philadelphia,Vehicle Travel,core+gsv,estvtrp,0.8130551026668279,0.8168786278739818,cbg
sanfrancisco,Crime,core+gsv,logcrime,0.6133143610357894,0.5888159722985857,cbg
sanfrancisco,Crime,core+gsv,logpetty,0.6579077092789365,0.6263131363366392,cbg
sanfrancisco,Health,core+gsv,bphighcrud,0.40682982740559204,0.3972065155480085,cbg
sanfrancisco,Health,core+gsv,cancercrud,0.6559613992779811,0.6527089310302703,cbg
sanfrancisco,Health,core+gsv,diabetescr,0.5553265646478928,0.5299974801235872,cbg
sanfrancisco,Health,core+gsv,lpacrudepr,0.6242613957291484,0.5928561631667417,cbg
sanfrancisco,Health,core+gsv,mhlthcrude,0.528133082560497,0.4920117841643926,cbg
sanfrancisco,Health,core+gsv,obesitycru,0.6066337644293702,0.568715779216137,cbg
sanfrancisco,Health,core+gsv,phlthcrude,0.5200390053889079,0.47905703008807865,cbg
sanfrancisco,Non-vehicle Travel,core+gsv,publictrans_per_cbg,0.6163010864994172,0.6070477055836263,cbg
sanfrancisco,Non-vehicle Travel,core+gsv,walkbike_per_cbg,0.6229219214487692,0.5730052669745539,cbg
sanfrancisco,Poverty,core+gsv,logincome,0.47793353416446427,0.45724035949426944,cbg
sanfrancisco,Poverty,core+gsv,povertyline_below100,0.19258420222239142,0.17148245195944192,cbg
sanfrancisco,Poverty,core+gsv,povertyline_below200,0.4176260846732992,0.3953977858241081,cbg
sanfrancisco,Vehicle Travel,core+gsv,drove_alone_per_cbg,0.7075663885753345,0.6970474280011315,cbg
sanfrancisco,Vehicle Travel,core+gsv,estpmiles,0.6036783161973951,0.5724587529646368,cbg
sanfrancisco,Vehicle Travel,core+gsv,estptrp,0.5371658940801293,0.5397027152118195,cbg
sanfrancisco,Vehicle Travel,core+gsv,estvmiles,0.6546787658451279,0.6313443117204595,cbg
sanfrancisco,Vehicle Travel,core+gsv,estvtrp,0.6807547005139296,0.6570113192888933,cbg
boston,Crime,core+poi+gsv,logcrime,0.4346293033633909,0.3000289640782251,cbg
boston,Crime,core+poi+gsv,logpetty,0.39219109389792123,0.27039554667476173,cbg
boston,Health,core+poi+gsv,bphighcrud,0.5464164732133429,0.528212920024405,cbg
boston,Health,core+poi+gsv,cancercrud,0.6580944436468974,0.6202035467949779,cbg
boston,Health,core+poi+gsv,diabetescr,0.582618292271858,0.569237697387671,cbg
boston,Health,core+poi+gsv,lpacrudepr,0.686470580834525,0.6487610803323631,cbg
boston,Health,core+poi+gsv,mhlthcrude,0.6229404909431888,0.5851945658259163,cbg
boston,Health,core+poi+gsv,obesitycru,0.6011762245600208,0.5739114718576807,cbg
boston,Health,core+poi+gsv,phlthcrude,0.6032324187960543,0.5495255295896468,cbg
boston,Non-vehicle Travel,core+poi+gsv,publictrans_per_cbg,0.6265560772652162,0.6028719038384441,cbg
boston,Non-vehicle Travel,core+poi+gsv,walkbike_per_cbg,0.6733186022030749,0.656734008219354,cbg
boston,Poverty,core+poi+gsv,logincome,0.5455276899768243,0.5154523700906142,cbg
boston,Poverty,core+poi+gsv,povertyline_below100,0.2833158336948564,0.20730110657001655,cbg
boston,Poverty,core+poi+gsv,povertyline_below200,0.5343249944117721,0.47883791967797074,cbg
boston,Vehicle Travel,core+poi+gsv,drove_alone_per_cbg,0.7362589749323303,0.725199125971577,cbg
boston,Vehicle Travel,core+poi+gsv,estpmiles,0.7634520461904925,0.6840685856558506,cbg
boston,Vehicle Travel,core+poi+gsv,estptrp,0.5353207781405611,0.5034745539984997,cbg
boston,Vehicle Travel,core+poi+gsv,estvmiles,0.8229968977434605,0.7705802347027874,cbg
boston,Vehicle Travel,core+poi+gsv,estvtrp,0.8229313559965062,0.8088337726281596,cbg
chicago,Crime,core+poi+gsv,logcrime,0.6615968791368942,0.6234087975965852,cbg
chicago,Crime,core+poi+gsv,logpetty,0.6589238246148448,0.6230910502612,cbg
chicago,Health,core+poi+gsv,bphighcrud,0.7392881891122193,0.7280938625310737,cbg
chicago,Health,core+poi+gsv,cancercrud,0.6319020859838246,0.620701297556516,cbg
chicago,Health,core+poi+gsv,diabetescr,0.773869292679505,0.763723129733539,cbg
chicago,Health,core+poi+gsv,lpacrudepr,0.7103080566230242,0.6944088509485274,cbg
chicago,Health,core+poi+gsv,mhlthcrude,0.6495160733635197,0.6244215186045332,cbg
chicago,Health,core+poi+gsv,obesitycru,0.708777497094871,0.6959576857229021,cbg
chicago,Health,core+poi+gsv,phlthcrude,0.6817708343419422,0.660050372817097,cbg
chicago,Non-vehicle Travel,core+poi+gsv,publictrans_per_cbg,0.6025776504138787,0.591192864776666,cbg
chicago,Non-vehicle Travel,core+poi+gsv,walkbike_per_cbg,0.4434347425296223,0.4041191149797017,cbg
chicago,Poverty,core+poi+gsv,logincome,0.6092093891461479,0.6010876934546779,cbg
chicago,Poverty,core+poi+gsv,povertyline_below100,0.2836946519103954,0.25293829860511374,cbg
chicago,Poverty,core+poi+gsv,povertyline_below200,0.558426926018374,0.5413854364562064,cbg
chicago,Vehicle Travel,core+poi+gsv,drove_alone_per_cbg,0.6574642834900384,0.6422449420522083,cbg
chicago,Vehicle Travel,core+poi+gsv,estpmiles,0.6993799370293969,0.6919933828136682,cbg
chicago,Vehicle Travel,core+poi+gsv,estptrp,0.5698240472137301,0.5582350326164215,cbg
chicago,Vehicle Travel,core+poi+gsv,estvmiles,0.7501880831322223,0.7371320023619818,cbg
chicago,Vehicle Travel,core+poi+gsv,estvtrp,0.7573203002467136,0.7464408084803881,cbg
losangeles,Crime,core+poi+gsv,logcrime,0.509605532743848,0.46898001994353117,cbg
losangeles,Crime,core+poi+gsv,logpetty,0.4439774653541714,0.415468863370399,cbg
losangeles,Health,core+poi+gsv,bphighcrud,0.34470518003675554,0.3350520886182794,cbg
losangeles,Health,core+poi+gsv,cancercrud,0.6554592157236145,0.6378817045038379,cbg
losangeles,Health,core+poi+gsv,diabetescr,0.6019803245849139,0.5876162135505496,cbg
losangeles,Health,core+poi+gsv,lpacrudepr,0.7154177957525265,0.7056198101074828,cbg
losangeles,Health,core+poi+gsv,mhlthcrude,0.6339315302919485,0.6220908969863143,cbg
losangeles,Health,core+poi+gsv,obesitycru,0.573557709669338,0.5673802025063381,cbg
losangeles,Health,core+poi+gsv,phlthcrude,0.601517759963429,0.5882517575317449,cbg
losangeles,Non-vehicle Travel,core+poi+gsv,publictrans_per_cbg,0.4146576874981034,0.36992947205530025,cbg
losangeles,Non-vehicle Travel,core+poi+gsv,walkbike_per_cbg,0.20295621366442082,0.19460231839246367,cbg
losangeles,Poverty,core+poi+gsv,logincome,0.5506150879125672,0.5452842514931369,cbg
losangeles,Poverty,core+poi+gsv,povertyline_below100,0.15414558283899957,0.1390691371676981,cbg
losangeles,Poverty,core+poi+gsv,povertyline_below200,0.5372366896488228,0.5250447849565439,cbg
losangeles,Vehicle Travel,core+poi+gsv,drove_alone_per_cbg,0.2816732228095291,-0.5591712654520207,cbg
losangeles,Vehicle Travel,core+poi+gsv,estpmiles,0.5384006888506035,0.5325761760972021,cbg
losangeles,Vehicle Travel,core+poi+gsv,estptrp,0.515792749946554,0.5044365413610962,cbg
losangeles,Vehicle Travel,core+poi+gsv,estvmiles,0.5837030334642999,0.5682957194444237,cbg
losangeles,Vehicle Travel,core+poi+gsv,estvtrp,0.6018992212831087,0.6015505507229746,cbg
miami,Crime,core+poi+gsv,logcrime,,,cbg
miami,Crime,core+poi+gsv,logpetty,,,cbg
miami,Health,core+poi+gsv,bphighcrud,0.6183871616532675,0.6034857552434291,cbg
miami,Health,core+poi+gsv,cancercrud,0.6755768443843267,0.6578626021812612,cbg
miami,Health,core+poi+gsv,diabetescr,0.6462558272946946,0.6255374816261026,cbg
miami,Health,core+poi+gsv,lpacrudepr,0.7284312656698572,0.703933610326654,cbg
miami,Health,core+poi+gsv,mhlthcrude,0.682429870775395,0.6531661910742955,cbg
miami,Health,core+poi+gsv,obesitycru,0.7426855541325077,0.7148618034483918,cbg
miami,Health,core+poi+gsv,phlthcrude,0.6111363449424333,0.5871808639356491,cbg
miami,Non-vehicle Travel,core+poi+gsv,publictrans_per_cbg,0.305154702211287,0.30350757873570755,cbg
miami,Non-vehicle Travel,core+poi+gsv,walkbike_per_cbg,0.3052714224527734,0.2808671115952285,cbg
miami,Poverty,core+poi+gsv,logincome,0.5618648610838048,0.5273208516827065,cbg
miami,Poverty,core+poi+gsv,povertyline_below100,0.1598182213772484,0.14324451683274403,cbg
miami,Poverty,core+poi+gsv,povertyline_below200,0.5111063248566722,0.4830985065288383,cbg
miami,Vehicle Travel,core+poi+gsv,drove_alone_per_cbg,0.2231757086681748,0.18607365634308443,cbg
miami,Vehicle Travel,core+poi+gsv,estpmiles,0.5811105133053369,0.5591621144167956,cbg
miami,Vehicle Travel,core+poi+gsv,estptrp,0.5649966066958185,0.5251844801793021,cbg
miami,Vehicle Travel,core+poi+gsv,estvmiles,0.5823144333321428,0.5478091994219404,cbg
miami,Vehicle Travel,core+poi+gsv,estvtrp,0.5852666007606653,0.5556226598059357,cbg
newyork,Crime,core+poi+gsv,logcrime,0.4070484547432712,0.39273237966221186,cbg
newyork,Crime,core+poi+gsv,logpetty,0.3364698081469283,0.3062103116885443,cbg
newyork,Health,core+poi+gsv,bphighcrud,0.5499252861677763,0.4839854343905309,cbg
newyork,Health,core+poi+gsv,cancercrud,0.6877030923165469,0.6752156159190182,cbg
newyork,Health,core+poi+gsv,diabetescr,0.6638692080059123,0.5846938298821142,cbg
newyork,Health,core+poi+gsv,lpacrudepr,0.6782698850424447,0.6301997650708856,cbg
newyork,Health,core+poi+gsv,mhlthcrude,0.5262656775393934,0.4076672650151248,cbg
newyork,Health,core+poi+gsv,obesitycru,0.5877512624337016,0.47405320810482865,cbg
newyork,Health,core+poi+gsv,phlthcrude,0.5253998338131038,0.4049632758115201,cbg
newyork,Non-vehicle Travel,core+poi+gsv,publictrans_per_cbg,0.7744325538360064,0.7689099168405169,cbg
newyork,Non-vehicle Travel,core+poi+gsv,walkbike_per_cbg,0.4411456823755932,0.44184515850853945,cbg
newyork,Poverty,core+poi+gsv,logincome,0.5379059119125735,0.5290747757689707,cbg
newyork,Poverty,core+poi+gsv,povertyline_below100,0.22139058002295445,0.2035216025821855,cbg
newyork,Poverty,core+poi+gsv,povertyline_below200,0.4861371904946067,0.46436677321389547,cbg
newyork,Vehicle Travel,core+poi+gsv,drove_alone_per_cbg,0.829318865470307,0.825566705504223,cbg
newyork,Vehicle Travel,core+poi+gsv,estpmiles,0.7804101852178226,0.7768000190063834,cbg
newyork,Vehicle Travel,core+poi+gsv,estptrp,0.4944877911873865,0.48600223400996534,cbg
newyork,Vehicle Travel,core+poi+gsv,estvmiles,0.8423815426730009,0.8377431874389231,cbg
newyork,Vehicle Travel,core+poi+gsv,estvtrp,0.8735292237192109,0.8710459447270577,cbg
philadelphia,Crime,core+poi+gsv,logcrime,0.6538809134135677,0.607712352098383,cbg
philadelphia,Crime,core+poi+gsv,logpetty,0.6615995764673771,0.573450643922551,cbg
philadelphia,Health,core+poi+gsv,bphighcrud,0.6579894962588936,0.6453883525688917,cbg
philadelphia,Health,core+poi+gsv,cancercrud,0.6123705065133721,0.5880645746394028,cbg
philadelphia,Health,core+poi+gsv,diabetescr,0.7589890728556512,0.7549645052667653,cbg
philadelphia,Health,core+poi+gsv,lpacrudepr,0.8079383699207808,0.7973742888549507,cbg
philadelphia,Health,core+poi+gsv,mhlthcrude,0.7425358907803039,0.7312649790471094,cbg
philadelphia,Health,core+poi+gsv,obesitycru,0.7171182874324895,0.685724678966338,cbg
philadelphia,Health,core+poi+gsv,phlthcrude,0.7398361130546305,0.7287133458321524,cbg
philadelphia,Non-vehicle Travel,core+poi+gsv,publictrans_per_cbg,0.5987543212872234,0.586741854426295,cbg
philadelphia,Non-vehicle Travel,core+poi+gsv,walkbike_per_cbg,0.5378161826614516,0.5037019914804065,cbg
philadelphia,Poverty,core+poi+gsv,logincome,0.6463189651020642,0.6355773216744355,cbg
philadelphia,Poverty,core+poi+gsv,povertyline_below100,0.33276841635517507,0.326765715523318,cbg
philadelphia,Poverty,core+poi+gsv,povertyline_below200,0.6281107662960003,0.6118862455716021,cbg
philadelphia,Vehicle Travel,core+poi+gsv,drove_alone_per_cbg,0.6450299152481577,0.6239512861077512,cbg
philadelphia,Vehicle Travel,core+poi+gsv,estpmiles,0.8073673853454583,0.7998849890198368,cbg
philadelphia,Vehicle Travel,core+poi+gsv,estptrp,0.537816698381967,0.5191665596881802,cbg
philadelphia,Vehicle Travel,core+poi+gsv,estvmiles,0.8346665620036979,0.8306585342911923,cbg
philadelphia,Vehicle Travel,core+poi+gsv,estvtrp,0.8231109951844964,0.8192698311430027,cbg
sanfrancisco,Crime,core+poi+gsv,logcrime,0.6603849465582654,0.6147894237527162,cbg
sanfrancisco,Crime,core+poi+gsv,logpetty,0.7310276347947717,0.6807562158076552,cbg
sanfrancisco,Health,core+poi+gsv,bphighcrud,0.47081381731349703,0.43435687974284354,cbg
sanfrancisco,Health,core+poi+gsv,cancercrud,0.6868785456315555,0.6733696367427651,cbg
sanfrancisco,Health,core+poi+gsv,diabetescr,0.6068864124810205,0.5654761660440824,cbg
sanfrancisco,Health,core+poi+gsv,lpacrudepr,0.677807349371481,0.6366879376055173,cbg
sanfrancisco,Health,core+poi+gsv,mhlthcrude,0.610569017636204,0.5651989551128371,cbg
sanfrancisco,Health,core+poi+gsv,obesitycru,0.6891132857234521,0.6484045270968417,cbg
sanfrancisco,Health,core+poi+gsv,phlthcrude,0.5904776109502422,0.5391262218934522,cbg
sanfrancisco,Non-vehicle Travel,core+poi+gsv,publictrans_per_cbg,0.6374085248241983,0.6257747476007796,cbg
sanfrancisco,Non-vehicle Travel,core+poi+gsv,walkbike_per_cbg,0.6456402400318774,0.5799673189570638,cbg
sanfrancisco,Poverty,core+poi+gsv,logincome,0.5215559484917303,0.48312216989442636,cbg
sanfrancisco,Poverty,core+poi+gsv,povertyline_below100,0.24155699279169845,0.18831856386348594,cbg
sanfrancisco,Poverty,core+poi+gsv,povertyline_below200,0.46212375231853803,0.41535333494172877,cbg
sanfrancisco,Vehicle Travel,core+poi+gsv,drove_alone_per_cbg,0.7235727419719147,0.7033537670451337,cbg
sanfrancisco,Vehicle Travel,core+poi+gsv,estpmiles,0.6274196867860153,0.5745844059159253,cbg
sanfrancisco,Vehicle Travel,core+poi+gsv,estptrp,0.564571668698844,0.5514188556718604,cbg
sanfrancisco,Vehicle Travel,core+poi+gsv,estvmiles,0.6719960204182202,0.6330954717850437,cbg
sanfrancisco,Vehicle Travel,core+poi+gsv,estvtrp,0.6962999939192565,0.6635015811209624,cbg
